-- phpMyAdmin SQL Dump
-- version 5.2.1
-- https://www.phpmyadmin.net/
--
-- Host: 127.0.0.1
-- Generation Time: Oct 20, 2024 at 02:31 PM
-- Server version: 10.4.32-MariaDB
-- PHP Version: 8.0.30

SET SQL_MODE = "NO_AUTO_VALUE_ON_ZERO";
START TRANSACTION;
SET time_zone = "+00:00";


/*!40101 SET @OLD_CHARACTER_SET_CLIENT=@@CHARACTER_SET_CLIENT */;
/*!40101 SET @OLD_CHARACTER_SET_RESULTS=@@CHARACTER_SET_RESULTS */;
/*!40101 SET @OLD_COLLATION_CONNECTION=@@COLLATION_CONNECTION */;
/*!40101 SET NAMES utf8mb4 */;

--
-- Database: `nakhonphanomtraveldb_final`
--

-- --------------------------------------------------------

--
-- Table structure for table `admin`
--

CREATE TABLE `admin` (
  `id` int(7) NOT NULL,
  `username` varchar(50) NOT NULL,
  `password` varchar(255) NOT NULL,
  `name` varchar(100) DEFAULT NULL
) ENGINE=InnoDB DEFAULT CHARSET=utf8 COLLATE=utf8_general_ci;

--
-- Dumping data for table `admin`
--

INSERT INTO `admin` (`id`, `username`, `password`, `name`) VALUES
(1, 'tackteam_chare', '$2a$10$HImeAc9X3omgyAGbRidpfec6kibyLWViuJItEwdCqp7yNi0EqqdcK', 'Admin_Team'),
(3, 'tanomsak.wo@ku.th', '$2a$10$X84/AJuuihQ1HEJe7Eh3pegEKLloS7otRr2RwGfkl/ARf514WgT.W', 'ผู้ช่วยศาสตราจารย์ ดร.ถนอมศักดิ์ วงศ์มีแก้ว'),
(4, 'sasithorn@ku-inova.org', '$2a$10$GpDb.gT6eGIhOpWqVl6gX.hOqLgYUUXWSp1izHwWiX2Q6BpF9vA0S', 'อาจารย์ ดร. ศศิธร สุชัยยะ'),
(5, 'tackteam.dev@gmail.com', '$2a$10$U8LcOjdKArmeu1/XmR.YyO7PHgJ6yHerI78Pa1zQuNu0ROsMnoFIq', 'นาย จเร อุปชิตวาน'),
(6, ' walailuck.w@ku.th', '$2a$10$yO6ZLuq9WV7oL2PWFmejdOKmWQLdaGufI70woIJHChicvaRuSZUJe', 'อาจารย์วไลลักษณ์ วงษ์รื่น');

-- --------------------------------------------------------

--
-- Table structure for table `admin_tokens`
--

CREATE TABLE `admin_tokens` (
  `id` int(11) NOT NULL,
  `admin_id` int(11) NOT NULL,
  `token` text NOT NULL,
  `created_at` timestamp NOT NULL DEFAULT current_timestamp()
) ENGINE=InnoDB DEFAULT CHARSET=utf8 COLLATE=utf8_general_ci;

--
-- Dumping data for table `admin_tokens`
--

INSERT INTO `admin_tokens` (`id`, `admin_id`, `token`, `created_at`) VALUES
(1, 1, 'eyJhbGciOiJIUzI1NiIsInR5cCI6IkpXVCJ9.eyJpZCI6MSwidXNlcm5hbWUiOiJ0YWNrdGVhbV9jaGFyZSIsIm5hbWUiOiJBZG1pbl9UZWFtIiwiaWF0IjoxNzI3MjY3NTc4LCJleHAiOjE3MjcyNzExNzh9.68aQVnS5b2Phs5re7btHVLFSFWhdKMQIR6pAKXrinxc', '2024-09-25 12:32:58'),
(3, 1, 'eyJhbGciOiJIUzI1NiIsInR5cCI6IkpXVCJ9.eyJpZCI6MSwidXNlcm5hbWUiOiJ0YWNrdGVhbV9jaGFyZSIsIm5hbWUiOiJBZG1pbl9UZWFtIiwiaWF0IjoxNzI3Mjg2MzMyLCJleHAiOjE3MjcyODk5MzJ9.snmr5zt5N-zA_BKJkzUe3VSaken9HlyzoCgJP8cyW54', '2024-09-25 17:45:32'),
(5, 1, 'eyJhbGciOiJIUzI1NiIsInR5cCI6IkpXVCJ9.eyJpZCI6MSwidXNlcm5hbWUiOiJ0YWNrdGVhbV9jaGFyZSIsIm5hbWUiOiJBZG1pbl9UZWFtIiwiaWF0IjoxNzI3MzI5MjYyLCJleHAiOjE3MjczMzI4NjJ9.w5ANcp73DrE5Rr9PS4RJ6yTS3cM0okVG4JZ33OHtEoM', '2024-09-26 05:41:02'),
(6, 1, 'eyJhbGciOiJIUzI1NiIsInR5cCI6IkpXVCJ9.eyJpZCI6MSwidXNlcm5hbWUiOiJ0YWNrdGVhbV9jaGFyZSIsIm5hbWUiOiJBZG1pbl9UZWFtIiwiaWF0IjoxNzI3MzMyOTM1LCJleHAiOjE3MjczMzY1MzV9.pSE3Feui16X2bDuEd_-fjh76SXqL4gS1x1IsQ_Vrf_c', '2024-09-26 06:42:15'),
(8, 1, 'eyJhbGciOiJIUzI1NiIsInR5cCI6IkpXVCJ9.eyJpZCI6MSwidXNlcm5hbWUiOiJ0YWNrdGVhbV9jaGFyZSIsIm5hbWUiOiJBZG1pbl9UZWFtIiwiaWF0IjoxNzI3MzM1OTc5LCJleHAiOjE3MjczMzk1Nzl9.7XO8-yJnZZ5R51dTkQ2sF48pTCdf0zEcBLvRdhci3cM', '2024-09-26 07:30:17'),
(9, 1, 'eyJhbGciOiJIUzI1NiIsInR5cCI6IkpXVCJ9.eyJpZCI6MSwidXNlcm5hbWUiOiJ0YWNrdGVhbV9jaGFyZSIsIm5hbWUiOiJBZG1pbl9UZWFtIiwiaWF0IjoxNzI3MzM1OTc5LCJleHAiOjE3MjczMzk1Nzl9.7XO8-yJnZZ5R51dTkQ2sF48pTCdf0zEcBLvRdhci3cM', '2024-09-26 07:30:17'),
(10, 1, 'eyJhbGciOiJIUzI1NiIsInR5cCI6IkpXVCJ9.eyJpZCI6MSwidXNlcm5hbWUiOiJ0YWNrdGVhbV9jaGFyZSIsIm5hbWUiOiJBZG1pbl9UZWFtIiwiaWF0IjoxNzI3MzM1OTgwLCJleHAiOjE3MjczMzk1ODB9.kx5HrpMX3lPjtOcti_mBT7xWyCFwj-y_GlYVJLgFWEY', '2024-09-26 07:30:18'),
(11, 1, 'eyJhbGciOiJIUzI1NiIsInR5cCI6IkpXVCJ9.eyJpZCI6MSwidXNlcm5hbWUiOiJ0YWNrdGVhbV9jaGFyZSIsIm5hbWUiOiJBZG1pbl9UZWFtIiwiaWF0IjoxNzI3MzM3MjMzLCJleHAiOjE3MjczNDA4MzN9.t3unjtPbEZTlKOb3PJN-Q1rhnebcEh3TWUwUMf3tTy0', '2024-09-26 07:51:12'),
(12, 1, 'eyJhbGciOiJIUzI1NiIsInR5cCI6IkpXVCJ9.eyJpZCI6MSwidXNlcm5hbWUiOiJ0YWNrdGVhbV9jaGFyZSIsIm5hbWUiOiJBZG1pbl9UZWFtIiwiaWF0IjoxNzI3MzM4MDIxLCJleHAiOjE3MjczNDE2MjF9.Njay7ZG8gVulAhwY0f0vh3jML7m4XtlIeBXotgx0PfA', '2024-09-26 08:04:20'),
(14, 1, 'eyJhbGciOiJIUzI1NiIsInR5cCI6IkpXVCJ9.eyJpZCI6MSwidXNlcm5hbWUiOiJ0YWNrdGVhbV9jaGFyZSIsIm5hbWUiOiJBZG1pbl9UZWFtIiwiaWF0IjoxNzI3MzQxOTYzLCJleHAiOjE3MjczNDU1NjN9.RIRFvKV3u7dgTSy4kiTN94B6hD13G2oJOo_NL5iMlpE', '2024-09-26 09:10:01'),
(15, 1, 'eyJhbGciOiJIUzI1NiIsInR5cCI6IkpXVCJ9.eyJpZCI6MSwidXNlcm5hbWUiOiJ0YWNrdGVhbV9jaGFyZSIsIm5hbWUiOiJBZG1pbl9UZWFtIiwiaWF0IjoxNzI3MzQxOTY0LCJleHAiOjE3MjczNDU1NjR9.kFCMiQKcoghT5rYYR_FxeTPD4SvErWcXDku0MlkWlAM', '2024-09-26 09:10:02'),
(16, 1, 'eyJhbGciOiJIUzI1NiIsInR5cCI6IkpXVCJ9.eyJpZCI6MSwidXNlcm5hbWUiOiJ0YWNrdGVhbV9jaGFyZSIsIm5hbWUiOiJBZG1pbl9UZWFtIiwiaWF0IjoxNzI3MzQ0MjI1LCJleHAiOjE3MjczNDc4MjV9.RRuTlA3amdZ415F2wzzr599aHZJUFTyf8pIL6u17kK4', '2024-09-26 09:47:43'),
(19, 1, 'eyJhbGciOiJIUzI1NiIsInR5cCI6IkpXVCJ9.eyJpZCI6MSwidXNlcm5hbWUiOiJ0YWNrdGVhbV9jaGFyZSIsIm5hbWUiOiJBZG1pbl9UZWFtIiwiaWF0IjoxNzI3MzQ4ODU3LCJleHAiOjE3MjczNTI0NTd9.78NnfEaVorj4isBXl8HoZD6UNAon3FTxU6DYlBvr0Sc', '2024-09-26 11:04:55'),
(20, 1, 'eyJhbGciOiJIUzI1NiIsInR5cCI6IkpXVCJ9.eyJpZCI6MSwidXNlcm5hbWUiOiJ0YWNrdGVhbV9jaGFyZSIsIm5hbWUiOiJBZG1pbl9UZWFtIiwiaWF0IjoxNzI3MzU1NDMxLCJleHAiOjE3MjczNTkwMzF9.clU6XPkmRp4yUpXA5xZPK0mtXoeZhouDku2EYTYgeNw', '2024-09-26 12:54:29'),
(21, 1, 'eyJhbGciOiJIUzI1NiIsInR5cCI6IkpXVCJ9.eyJpZCI6MSwidXNlcm5hbWUiOiJ0YWNrdGVhbV9jaGFyZSIsIm5hbWUiOiJBZG1pbl9UZWFtIiwiaWF0IjoxNzI3MzU5OTkzLCJleHAiOjE3MjczNjM1OTN9.LXESQNilGoiWEshxO57yyds-x0UHeG3_cxKfu9rQI-Y', '2024-09-26 14:10:30'),
(22, 1, 'eyJhbGciOiJIUzI1NiIsInR5cCI6IkpXVCJ9.eyJpZCI6MSwidXNlcm5hbWUiOiJ0YWNrdGVhbV9jaGFyZSIsIm5hbWUiOiJBZG1pbl9UZWFtIiwiaWF0IjoxNzI3MzU5OTk0LCJleHAiOjE3MjczNjM1OTR9.eVQRJxXnxoLE56RVOEY6RHUFR86R5ZLWEkG6_xf9IGE', '2024-09-26 14:10:32'),
(23, 1, 'eyJhbGciOiJIUzI1NiIsInR5cCI6IkpXVCJ9.eyJpZCI6MSwidXNlcm5hbWUiOiJ0YWNrdGVhbV9jaGFyZSIsIm5hbWUiOiJBZG1pbl9UZWFtIiwiaWF0IjoxNzI3MzY0NDA1LCJleHAiOjE3MjczNjgwMDV9.x3pjszaEFrTUqOkzMNkpsT1E3rR8-YSnDtjZtTepdxc', '2024-09-26 15:24:03'),
(24, 1, 'eyJhbGciOiJIUzI1NiIsInR5cCI6IkpXVCJ9.eyJpZCI6MSwidXNlcm5hbWUiOiJ0YWNrdGVhbV9jaGFyZSIsIm5hbWUiOiJBZG1pbl9UZWFtIiwiaWF0IjoxNzI3MzY1NDU1LCJleHAiOjE3MjczNjkwNTV9.u5Hqyd3tDAOAn_Bedidppii15I8a6-cbPiY4NUr410o', '2024-09-26 15:41:33'),
(25, 1, 'eyJhbGciOiJIUzI1NiIsInR5cCI6IkpXVCJ9.eyJpZCI6MSwidXNlcm5hbWUiOiJ0YWNrdGVhbV9jaGFyZSIsIm5hbWUiOiJBZG1pbl9UZWFtIiwiaWF0IjoxNzI3MzY5MjgyLCJleHAiOjE3MjczNzI4ODJ9.1JDy7prg7cG7h4hn4CkSzoTxhhXbu9qWMh0ofiVz1k0', '2024-09-26 16:45:20'),
(26, 1, 'eyJhbGciOiJIUzI1NiIsInR5cCI6IkpXVCJ9.eyJpZCI6MSwidXNlcm5hbWUiOiJ0YWNrdGVhbV9jaGFyZSIsIm5hbWUiOiJBZG1pbl9UZWFtIiwiaWF0IjoxNzI3MzczMTQ3LCJleHAiOjE3MjczNzY3NDd9.rPWUdJbVT0GEUfxKkEyfTCX0qHp8BB0vRyGg523zfDY', '2024-09-26 17:49:45'),
(28, 1, 'eyJhbGciOiJIUzI1NiIsInR5cCI6IkpXVCJ9.eyJpZCI6MSwidXNlcm5hbWUiOiJ0YWNrdGVhbV9jaGFyZSIsIm5hbWUiOiJBZG1pbl9UZWFtIiwiaWF0IjoxNzI3NDE0NDYzLCJleHAiOjE3Mjc0MTgwNjN9.iBMOrN7SR_bI-mEDk16Z5scNNF86-ACRfDOXuhbe1uQ', '2024-09-27 05:18:19'),
(29, 1, 'eyJhbGciOiJIUzI1NiIsInR5cCI6IkpXVCJ9.eyJpZCI6MSwidXNlcm5hbWUiOiJ0YWNrdGVhbV9jaGFyZSIsIm5hbWUiOiJBZG1pbl9UZWFtIiwiaWF0IjoxNzI3NDIxMjcyLCJleHAiOjE3Mjc0MjQ4NzJ9.4TZ-wWZpk21_42rwwiZBiEMw_QGB--qfA8U3HcmiKWY', '2024-09-27 07:11:49'),
(30, 1, 'eyJhbGciOiJIUzI1NiIsInR5cCI6IkpXVCJ9.eyJpZCI6MSwidXNlcm5hbWUiOiJ0YWNrdGVhbV9jaGFyZSIsIm5hbWUiOiJBZG1pbl9UZWFtIiwiaWF0IjoxNzI3NDIyNDM0LCJleHAiOjE3Mjc0MjYwMzR9.Nst3WviQ43MK6DjxoYGeSbsNIIQwY38nMfUzyXbXeEw', '2024-09-27 07:31:10'),
(31, 1, 'eyJhbGciOiJIUzI1NiIsInR5cCI6IkpXVCJ9.eyJpZCI6MSwidXNlcm5hbWUiOiJ0YWNrdGVhbV9jaGFyZSIsIm5hbWUiOiJBZG1pbl9UZWFtIiwiaWF0IjoxNzI3NDI2OTcyLCJleHAiOjE3Mjc0MzA1NzJ9._fbQ2oNZoizoczEalGilJmhOUjtzJqI6pYJqRiM8u7o', '2024-09-27 08:46:49'),
(32, 1, 'eyJhbGciOiJIUzI1NiIsInR5cCI6IkpXVCJ9.eyJpZCI6MSwidXNlcm5hbWUiOiJ0YWNrdGVhbV9jaGFyZSIsIm5hbWUiOiJBZG1pbl9UZWFtIiwiaWF0IjoxNzI3NDUxNTkyLCJleHAiOjE3Mjc0NTUxOTJ9.Uftky3DVLd_iZEChF86PXE2CYeQZwMVJnJyYDlJ8TVY', '2024-09-27 15:37:08'),
(33, 1, 'eyJhbGciOiJIUzI1NiIsInR5cCI6IkpXVCJ9.eyJpZCI6MSwidXNlcm5hbWUiOiJ0YWNrdGVhbV9jaGFyZSIsIm5hbWUiOiJBZG1pbl9UZWFtIiwiaWF0IjoxNzI3NTAyOTc1LCJleHAiOjE3Mjc1MDY1NzV9.H_qfXEy9L5TxSuve48MNkG0BY0uOqXM1k16cnqbD3eA', '2024-09-28 05:53:31'),
(34, 1, 'eyJhbGciOiJIUzI1NiIsInR5cCI6IkpXVCJ9.eyJpZCI6MSwidXNlcm5hbWUiOiJ0YWNrdGVhbV9jaGFyZSIsIm5hbWUiOiJBZG1pbl9UZWFtIiwiaWF0IjoxNzI3NTAyOTc5LCJleHAiOjE3Mjc1MDY1Nzl9.qRP88_Jm_1EosYqqEsWmKCdkH3lPUGL0cD-AK-b1SQg', '2024-09-28 05:53:36'),
(35, 1, 'eyJhbGciOiJIUzI1NiIsInR5cCI6IkpXVCJ9.eyJpZCI6MSwidXNlcm5hbWUiOiJ0YWNrdGVhbV9jaGFyZSIsIm5hbWUiOiJBZG1pbl9UZWFtIiwiaWF0IjoxNzI3NTMzNzQ2LCJleHAiOjE3Mjc1MzczNDZ9.hof_VjrdlpqB8he9re1pYaI7e-5IUcDfs6bLHV4M3S8', '2024-09-28 14:26:21'),
(38, 1, 'eyJhbGciOiJIUzI1NiIsInR5cCI6IkpXVCJ9.eyJpZCI6MSwidXNlcm5hbWUiOiJ0YWNrdGVhbV9jaGFyZSIsIm5hbWUiOiJBZG1pbl9UZWFtIiwiaWF0IjoxNzI3NTM4MjQ4LCJleHAiOjE3Mjc1NDE4NDh9.kgFKJ9QdCF6qbRFyuBopFSWf9bPsNEJRdHYqy1n6Cdw', '2024-09-28 15:41:23'),
(39, 1, 'eyJhbGciOiJIUzI1NiIsInR5cCI6IkpXVCJ9.eyJpZCI6MSwidXNlcm5hbWUiOiJ0YWNrdGVhbV9jaGFyZSIsIm5hbWUiOiJBZG1pbl9UZWFtIiwiaWF0IjoxNzI3NTQwODQ1LCJleHAiOjE3Mjc1NDQ0NDV9.dgLGdOLx0HwrYfh6pkLRSDStIU8dsqTX9NEU0seABx4', '2024-09-28 16:24:40'),
(40, 1, 'eyJhbGciOiJIUzI1NiIsInR5cCI6IkpXVCJ9.eyJpZCI6MSwidXNlcm5hbWUiOiJ0YWNrdGVhbV9jaGFyZSIsIm5hbWUiOiJBZG1pbl9UZWFtIiwiaWF0IjoxNzI3NTQyMzY1LCJleHAiOjE3Mjc1NDU5NjV9.fHc41p6NOecI31Cl-kLH46_ZKOag1_DGgzkgHtBOTTg', '2024-09-28 16:50:02'),
(44, 1, 'eyJhbGciOiJIUzI1NiIsInR5cCI6IkpXVCJ9.eyJpZCI6MSwidXNlcm5hbWUiOiJ0YWNrdGVhbV9jaGFyZSIsIm5hbWUiOiJBZG1pbl9UZWFtIiwiaWF0IjoxNzI3NTg2OTA2LCJleHAiOjE3Mjc1OTA1MDZ9.8QoVII540JZxDML2WPs6GLEcPm4F9WAztfitY_np3xU', '2024-09-29 05:12:22'),
(45, 1, 'eyJhbGciOiJIUzI1NiIsInR5cCI6IkpXVCJ9.eyJpZCI6MSwidXNlcm5hbWUiOiJ0YWNrdGVhbV9jaGFyZSIsIm5hbWUiOiJBZG1pbl9UZWFtIiwiaWF0IjoxNzI3NTg5MjgyLCJleHAiOjE3Mjc1OTI4ODJ9.Nof9MnVoRhvlc2OAPLb_hEg3IdwnfAAHcU5ySw3deV4', '2024-09-29 05:51:57'),
(46, 1, 'eyJhbGciOiJIUzI1NiIsInR5cCI6IkpXVCJ9.eyJpZCI6MSwidXNlcm5hbWUiOiJ0YWNrdGVhbV9jaGFyZSIsIm5hbWUiOiJBZG1pbl9UZWFtIiwiaWF0IjoxNzI3NjE1ODIzLCJleHAiOjE3Mjc2MTk0MjN9.JA3HNDA1vBt5WBxu6-Ek8bigQWRp5XVmxz5Jq8hkJ60', '2024-09-29 13:14:18'),
(49, 1, 'eyJhbGciOiJIUzI1NiIsInR5cCI6IkpXVCJ9.eyJpZCI6MSwidXNlcm5hbWUiOiJ0YWNrdGVhbV9jaGFyZSIsIm5hbWUiOiJBZG1pbl9UZWFtIiwiaWF0IjoxNzI3NjE5NTA0LCJleHAiOjE3Mjc2MjMxMDR9.eFC5wsPEQ_DZ0BdTGHVQzAvxWuvM5m-AaMWjEDfGaCE', '2024-09-29 14:15:39'),
(50, 1, 'eyJhbGciOiJIUzI1NiIsInR5cCI6IkpXVCJ9.eyJpZCI6MSwidXNlcm5hbWUiOiJ0YWNrdGVhbV9jaGFyZSIsIm5hbWUiOiJBZG1pbl9UZWFtIiwiaWF0IjoxNzI3NjI1NTE1LCJleHAiOjE3Mjc2MjkxMTV9.mpDhyEOq9mX-mLfKh6i-u9CRFybSEjjcchSGNvC2KLs', '2024-09-29 15:55:50'),
(51, 1, 'eyJhbGciOiJIUzI1NiIsInR5cCI6IkpXVCJ9.eyJpZCI6MSwidXNlcm5hbWUiOiJ0YWNrdGVhbV9jaGFyZSIsIm5hbWUiOiJBZG1pbl9UZWFtIiwiaWF0IjoxNzI3NjI5OTgyLCJleHAiOjE3Mjc2MzM1ODJ9.Kae3TtbU3_EsouIXo7CENjwTa_7bH59wISyxhEa5ZC4', '2024-09-29 17:10:17'),
(52, 1, 'eyJhbGciOiJIUzI1NiIsInR5cCI6IkpXVCJ9.eyJpZCI6MSwidXNlcm5hbWUiOiJ0YWNrdGVhbV9jaGFyZSIsIm5hbWUiOiJBZG1pbl9UZWFtIiwiaWF0IjoxNzI3NjMzNzQwLCJleHAiOjE3Mjc2MzczNDB9.7xfjLtkSiDE_yTq9VOK2Fw9d9bo6DHnZY-hiaKKBfsA', '2024-09-29 18:12:54'),
(53, 1, 'eyJhbGciOiJIUzI1NiIsInR5cCI6IkpXVCJ9.eyJpZCI6MSwidXNlcm5hbWUiOiJ0YWNrdGVhbV9jaGFyZSIsIm5hbWUiOiJBZG1pbl9UZWFtIiwiaWF0IjoxNzI3NjMzNzQ1LCJleHAiOjE3Mjc2MzczNDV9.p1_VxiNNMP2t4YFaNLUWjLp_j_HtgtG6B_k7UUQoJbI', '2024-09-29 18:13:00'),
(54, 1, 'eyJhbGciOiJIUzI1NiIsInR5cCI6IkpXVCJ9.eyJpZCI6MSwidXNlcm5hbWUiOiJ0YWNrdGVhbV9jaGFyZSIsIm5hbWUiOiJBZG1pbl9UZWFtIiwiaWF0IjoxNzI3NjM3NDIwLCJleHAiOjE3Mjc2NDEwMjB9.x9VvvNy-LDPD7mcq7E7UUPgteSJy563TfM3qbdKpKpA', '2024-09-29 19:14:15'),
(55, 1, 'eyJhbGciOiJIUzI1NiIsInR5cCI6IkpXVCJ9.eyJpZCI6MSwidXNlcm5hbWUiOiJ0YWNrdGVhbV9jaGFyZSIsIm5hbWUiOiJBZG1pbl9UZWFtIiwiaWF0IjoxNzI3NzA0MzU5LCJleHAiOjE3Mjc3MDc5NTl9.2ZEVh5Ryx3UV_EUdSN2mwTZtBLmS7YhVWD5tFgxGRaY', '2024-09-30 13:49:53'),
(56, 1, 'eyJhbGciOiJIUzI1NiIsInR5cCI6IkpXVCJ9.eyJpZCI6MSwidXNlcm5hbWUiOiJ0YWNrdGVhbV9jaGFyZSIsIm5hbWUiOiJBZG1pbl9UZWFtIiwiaWF0IjoxNzI3NzExOTMyLCJleHAiOjE3Mjc3MTU1MzJ9.dDNQwnZTiO_5UHeK0Zrl12qmr8WvKHmvfbvTZNtTP3g', '2024-09-30 15:56:07'),
(57, 1, 'eyJhbGciOiJIUzI1NiIsInR5cCI6IkpXVCJ9.eyJpZCI6MSwidXNlcm5hbWUiOiJ0YWNrdGVhbV9jaGFyZSIsIm5hbWUiOiJBZG1pbl9UZWFtIiwiaWF0IjoxNzI3NzE1NzcxLCJleHAiOjE3Mjc3MTkzNzF9.6kkpnjccQ2o6hzzlRu07R08MSS7Y3GiB7RVaqrP4xII', '2024-09-30 17:00:06'),
(58, 1, 'eyJhbGciOiJIUzI1NiIsInR5cCI6IkpXVCJ9.eyJpZCI6MSwidXNlcm5hbWUiOiJ0YWNrdGVhbV9jaGFyZSIsIm5hbWUiOiJBZG1pbl9UZWFtIiwiaWF0IjoxNzI3NzUzMTg3LCJleHAiOjE3Mjc3NTY3ODd9.fbQ-TENZsGGOrnyRyfwHd-wxWb-uxqAYxrSMKzYWh2w', '2024-10-01 03:23:41'),
(59, 1, 'eyJhbGciOiJIUzI1NiIsInR5cCI6IkpXVCJ9.eyJpZCI6MSwidXNlcm5hbWUiOiJ0YWNrdGVhbV9jaGFyZSIsIm5hbWUiOiJBZG1pbl9UZWFtIiwiaWF0IjoxNzI4MDMxMDExLCJleHAiOjE3MjgwMzQ2MTF9.860ifNLG5vzp6GF_5OdKZV06vo7dyUjRxlaDFNulGBs', '2024-10-04 08:34:01'),
(60, 1, 'eyJhbGciOiJIUzI1NiIsInR5cCI6IkpXVCJ9.eyJpZCI6MSwidXNlcm5hbWUiOiJ0YWNrdGVhbV9jaGFyZSIsIm5hbWUiOiJBZG1pbl9UZWFtIiwiaWF0IjoxNzI4MDMxMDIwLCJleHAiOjE3MjgwMzQ2MjB9.RuR44UeyhuLqT_oXS3jrA4-CFotvXbgNMk8GeiI_ins', '2024-10-04 08:34:10'),
(61, 1, 'eyJhbGciOiJIUzI1NiIsInR5cCI6IkpXVCJ9.eyJpZCI6MSwidXNlcm5hbWUiOiJ0YWNrdGVhbV9jaGFyZSIsIm5hbWUiOiJBZG1pbl9UZWFtIiwiaWF0IjoxNzI4MDM0NjU1LCJleHAiOjE3MjgwMzgyNTV9.BDPqR2QnzEmTeLvZQLAms6CqV0I6U-bi9ZW6xLOzxMc', '2024-10-04 09:34:45'),
(62, 1, 'eyJhbGciOiJIUzI1NiIsInR5cCI6IkpXVCJ9.eyJpZCI6MSwidXNlcm5hbWUiOiJ0YWNrdGVhbV9jaGFyZSIsIm5hbWUiOiJBZG1pbl9UZWFtIiwiaWF0IjoxNzI4MDgzNDk0LCJleHAiOjE3MjgwODcwOTR9.GqYgcMSsG9UEk7-5YHsqKmDuqSdyqw4zq2WiLNKDyHQ', '2024-10-04 23:08:44'),
(64, 1, 'eyJhbGciOiJIUzI1NiIsInR5cCI6IkpXVCJ9.eyJpZCI6MSwidXNlcm5hbWUiOiJ0YWNrdGVhbV9jaGFyZSIsIm5hbWUiOiJBZG1pbl9UZWFtIiwiaWF0IjoxNzI4MTE2NjIyLCJleHAiOjE3MjgxMjAyMjJ9.oLRCUckwgNAwms8L9KjSL6wpUbgRpQ2FGCczGpSXlhM', '2024-10-05 08:20:52'),
(65, 1, 'eyJhbGciOiJIUzI1NiIsInR5cCI6IkpXVCJ9.eyJpZCI6MSwidXNlcm5hbWUiOiJ0YWNrdGVhbV9jaGFyZSIsIm5hbWUiOiJBZG1pbl9UZWFtIiwiaWF0IjoxNzI4MTIwNDc1LCJleHAiOjE3MjgxMjQwNzV9.zm9AzSvKpvVxUSU4SmWcCnOvmo3azfICjUfgGbiEeas', '2024-10-05 09:25:04'),
(66, 1, 'eyJhbGciOiJIUzI1NiIsInR5cCI6IkpXVCJ9.eyJpZCI6MSwidXNlcm5hbWUiOiJ0YWNrdGVhbV9jaGFyZSIsIm5hbWUiOiJBZG1pbl9UZWFtIiwiaWF0IjoxNzI4MTM1NzgzLCJleHAiOjE3MjgxMzkzODN9.uMcg9rFZNIPzf66fqqQn6r7uhDvVJCHYpzlJi0BzQXw', '2024-10-05 13:40:12'),
(67, 1, 'eyJhbGciOiJIUzI1NiIsInR5cCI6IkpXVCJ9.eyJpZCI6MSwidXNlcm5hbWUiOiJ0YWNrdGVhbV9jaGFyZSIsIm5hbWUiOiJBZG1pbl9UZWFtIiwiaWF0IjoxNzI4MTM1Nzg2LCJleHAiOjE3MjgxMzkzODZ9.mHT-D6PmfgHcNwUoF1h2OJ1y-MBpMmGH3Sa172kCBZg', '2024-10-05 13:40:15'),
(68, 1, 'eyJhbGciOiJIUzI1NiIsInR5cCI6IkpXVCJ9.eyJpZCI6MSwidXNlcm5hbWUiOiJ0YWNrdGVhbV9jaGFyZSIsIm5hbWUiOiJBZG1pbl9UZWFtIiwiaWF0IjoxNzI4MTM5NTMwLCJleHAiOjE3MjgxNDMxMzB9.lePpTlPP9BUJx0zDLa_u4seatDh6peYY5oDoXGYr7jw', '2024-10-05 14:42:39'),
(69, 1, 'eyJhbGciOiJIUzI1NiIsInR5cCI6IkpXVCJ9.eyJpZCI6MSwidXNlcm5hbWUiOiJ0YWNrdGVhbV9jaGFyZSIsIm5hbWUiOiJBZG1pbl9UZWFtIiwiaWF0IjoxNzI4MTQyNzI2LCJleHAiOjE3MjgxNDYzMjZ9.LACPJW-6J0YdKlNFNXA5l_-JvxTQPhR3_mBBRtFQVKY', '2024-10-05 15:35:55'),
(70, 1, 'eyJhbGciOiJIUzI1NiIsInR5cCI6IkpXVCJ9.eyJpZCI6MSwidXNlcm5hbWUiOiJ0YWNrdGVhbV9jaGFyZSIsIm5hbWUiOiJBZG1pbl9UZWFtIiwiaWF0IjoxNzI4MTQ3NDM5LCJleHAiOjE3MjgxNTEwMzl9.Q-dDN_Effwzpsr2A3jyzVITD3b-yRo9gNn-NNUH-Xz8', '2024-10-05 16:54:28'),
(72, 1, 'eyJhbGciOiJIUzI1NiIsInR5cCI6IkpXVCJ9.eyJpZCI6MSwidXNlcm5hbWUiOiJ0YWNrdGVhbV9jaGFyZSIsIm5hbWUiOiJBZG1pbl9UZWFtIiwiaWF0IjoxNzI4MjAwMjU4LCJleHAiOjE3MjgyMDM4NTh9.AFIK01uWEjE0DEuQBDInVufXppO1f2_jYbk8A3HYkcQ', '2024-10-06 07:34:45'),
(73, 1, 'eyJhbGciOiJIUzI1NiIsInR5cCI6IkpXVCJ9.eyJpZCI6MSwidXNlcm5hbWUiOiJ0YWNrdGVhbV9jaGFyZSIsIm5hbWUiOiJBZG1pbl9UZWFtIiwiaWF0IjoxNzI4MjAxMjUxLCJleHAiOjE3MjgyMDQ4NTF9.bPEW--vWwfuF2tQQ1mKM0FTTF-tneOYY5_XpQg9ZSM4', '2024-10-06 07:51:19'),
(74, 1, 'eyJhbGciOiJIUzI1NiIsInR5cCI6IkpXVCJ9.eyJpZCI6MSwidXNlcm5hbWUiOiJ0YWNrdGVhbV9jaGFyZSIsIm5hbWUiOiJBZG1pbl9UZWFtIiwiaWF0IjoxNzI4MjE4NjUwLCJleHAiOjE3MjgyMjIyNTB9.T2Vc8-J6UCQB0qhtuKFLEDJRxviptQkxR8pdSk4kCrE', '2024-10-06 12:41:17'),
(75, 1, 'eyJhbGciOiJIUzI1NiIsInR5cCI6IkpXVCJ9.eyJpZCI6MSwidXNlcm5hbWUiOiJ0YWNrdGVhbV9jaGFyZSIsIm5hbWUiOiJBZG1pbl9UZWFtIiwiaWF0IjoxNzI4MjI2MTMyLCJleHAiOjE3MjgyMjk3MzJ9.vB3Z70lN0erz_lCvTeDepAwtXQNSkm7oSyR0y_ydZYY', '2024-10-06 14:46:00'),
(76, 1, 'eyJhbGciOiJIUzI1NiIsInR5cCI6IkpXVCJ9.eyJpZCI6MSwidXNlcm5hbWUiOiJ0YWNrdGVhbV9jaGFyZSIsIm5hbWUiOiJBZG1pbl9UZWFtIiwiaWF0IjoxNzI4MjMxMzc2LCJleHAiOjE3MjgyMzQ5NzZ9.kPhHkmL-WPJyEY8kwlVj_48bIfHrVl0jT08xddRDATk', '2024-10-06 16:13:23'),
(77, 1, 'eyJhbGciOiJIUzI1NiIsInR5cCI6IkpXVCJ9.eyJpZCI6MSwidXNlcm5hbWUiOiJ0YWNrdGVhbV9jaGFyZSIsIm5hbWUiOiJBZG1pbl9UZWFtIiwiaWF0IjoxNzI4MjMxNDkxLCJleHAiOjE3MjgyMzUwOTF9.Vk6ZKaNu8dbgijLp3Ne4se_cqLAt_JYRanz6SUEEnG0', '2024-10-06 16:15:18'),
(78, 1, 'eyJhbGciOiJIUzI1NiIsInR5cCI6IkpXVCJ9.eyJpZCI6MSwidXNlcm5hbWUiOiJ0YWNrdGVhbV9jaGFyZSIsIm5hbWUiOiJBZG1pbl9UZWFtIiwiaWF0IjoxNzI4MjM1MTgxLCJleHAiOjE3MjgyMzg3ODF9.snrI2weR6JnBZDAuc60AhIKKzQ4wpitStgDSk43pUQ0', '2024-10-06 17:16:49'),
(79, 1, 'eyJhbGciOiJIUzI1NiIsInR5cCI6IkpXVCJ9.eyJpZCI6MSwidXNlcm5hbWUiOiJ0YWNrdGVhbV9jaGFyZSIsIm5hbWUiOiJBZG1pbl9UZWFtIiwiaWF0IjoxNzI4MzIxNDEyLCJleHAiOjE3MjgzMjUwMTJ9.yrmwySMBZ7oewjcn7X4kLiDJoKi0nvrbXwsoQfHdfe8', '2024-10-07 17:13:58'),
(80, 1, 'eyJhbGciOiJIUzI1NiIsInR5cCI6IkpXVCJ9.eyJpZCI6MSwidXNlcm5hbWUiOiJ0YWNrdGVhbV9jaGFyZSIsIm5hbWUiOiJBZG1pbl9UZWFtIiwiaWF0IjoxNzI4MzIxNDIxLCJleHAiOjE3MjgzMjUwMjF9.ZWR8V6mR6ozFiMEGZmn8Y4CdhE4zEAcPIHhTmQw490o', '2024-10-07 17:14:07'),
(81, 1, 'eyJhbGciOiJIUzI1NiIsInR5cCI6IkpXVCJ9.eyJpZCI6MSwidXNlcm5hbWUiOiJ0YWNrdGVhbV9jaGFyZSIsIm5hbWUiOiJBZG1pbl9UZWFtIiwiaWF0IjoxNzI4MzI1MTE3LCJleHAiOjE3MjgzMjg3MTd9.8_yZ9xbwaaBfH0yFFuG2mxGN1_jihfiO_RaDwBfoBxE', '2024-10-07 18:15:43'),
(82, 1, 'eyJhbGciOiJIUzI1NiIsInR5cCI6IkpXVCJ9.eyJpZCI6MSwidXNlcm5hbWUiOiJ0YWNrdGVhbV9jaGFyZSIsIm5hbWUiOiJBZG1pbl9UZWFtIiwiaWF0IjoxNzI4MzI4Nzk5LCJleHAiOjE3MjgzMzIzOTl9.fDcUUizJleORjn3ZALxK726hyOot_AoUf7xgBQpegPY', '2024-10-07 19:17:05'),
(83, 1, 'eyJhbGciOiJIUzI1NiIsInR5cCI6IkpXVCJ9.eyJpZCI6MSwidXNlcm5hbWUiOiJ0YWNrdGVhbV9jaGFyZSIsIm5hbWUiOiJBZG1pbl9UZWFtIiwiaWF0IjoxNzI4MzMyNzM4LCJleHAiOjE3MjgzMzYzMzh9.wvQfD8IIssqoQYF9chQRh9hklyk-r-FykZMcOoz-Pp0', '2024-10-07 20:22:44'),
(85, 1, 'eyJhbGciOiJIUzI1NiIsInR5cCI6IkpXVCJ9.eyJpZCI6MSwidXNlcm5hbWUiOiJ0YWNrdGVhbV9jaGFyZSIsIm5hbWUiOiJBZG1pbl9UZWFtIiwiaWF0IjoxNzI4MzU0NjUxLCJleHAiOjE3MjgzNTgyNTF9.laNKjcKGrUjDhIA8pGkHOLrGZMXrZOqaWt0w7IYBNxQ', '2024-10-08 02:27:57'),
(87, 1, 'eyJhbGciOiJIUzI1NiIsInR5cCI6IkpXVCJ9.eyJpZCI6MSwidXNlcm5hbWUiOiJ0YWNrdGVhbV9jaGFyZSIsIm5hbWUiOiJBZG1pbl9UZWFtIiwiaWF0IjoxNzI4Mzc1NTEyLCJleHAiOjE3MjgzNzkxMTJ9.EIt6XcaYAElrjBD_2Rli2c1-g5gLbV2E6NLGATrQSIE', '2024-10-08 08:15:37'),
(89, 1, 'eyJhbGciOiJIUzI1NiIsInR5cCI6IkpXVCJ9.eyJpZCI6MSwidXNlcm5hbWUiOiJ0YWNrdGVhbV9jaGFyZSIsIm5hbWUiOiJBZG1pbl9UZWFtIiwiaWF0IjoxNzI4NDQ4NDk5LCJleHAiOjE3Mjg0NTIwOTl9.ecee6PqDYVUCYkRBPNXl1lLFjAmOK2Z3X0ypahjAac4', '2024-10-09 04:32:04'),
(90, 1, 'eyJhbGciOiJIUzI1NiIsInR5cCI6IkpXVCJ9.eyJpZCI6MSwidXNlcm5hbWUiOiJ0YWNrdGVhbV9jaGFyZSIsIm5hbWUiOiJBZG1pbl9UZWFtIiwiaWF0IjoxNzI4NTAxNzk0LCJleHAiOjE3Mjg1MDUzOTR9.0bNI8PZfYftmFgkox30V5iHIOJNDEz2ZlhgXpRwkXIw', '2024-10-09 19:20:19'),
(97, 1, 'eyJhbGciOiJIUzI1NiIsInR5cCI6IkpXVCJ9.eyJpZCI6MSwidXNlcm5hbWUiOiJ0YWNrdGVhbV9jaGFyZSIsIm5hbWUiOiJBZG1pbl9UZWFtIiwiaWF0IjoxNzI4NTM4NDg1LCJleHAiOjE3Mjg1NDIwODV9.Bc6b343uBQRAnfxroA3VNMJhOyDlV0ACUPpFoVOTvAQ', '2024-10-10 05:31:49'),
(99, 1, 'eyJhbGciOiJIUzI1NiIsInR5cCI6IkpXVCJ9.eyJpZCI6MSwidXNlcm5hbWUiOiJ0YWNrdGVhbV9jaGFyZSIsIm5hbWUiOiJBZG1pbl9UZWFtIiwiaWF0IjoxNzI4NTQ2MDIwLCJleHAiOjE3Mjg1NDk2MjB9.PHtENz2wK5oKabGBwFcanpP37NnAymWBUdj5jq0-Gv0', '2024-10-10 07:37:24'),
(101, 1, 'eyJhbGciOiJIUzI1NiIsInR5cCI6IkpXVCJ9.eyJpZCI6MSwidXNlcm5hbWUiOiJ0YWNrdGVhbV9jaGFyZSIsIm5hbWUiOiJBZG1pbl9UZWFtIiwiaWF0IjoxNzI4NTQ2ODA2LCJleHAiOjE3Mjg1NTA0MDZ9.TVedHIzHcCDVy4zqPpDuyUcFj86GN7TFBmgsQu0hGlM', '2024-10-10 07:50:30'),
(103, 1, 'eyJhbGciOiJIUzI1NiIsInR5cCI6IkpXVCJ9.eyJpZCI6MSwidXNlcm5hbWUiOiJ0YWNrdGVhbV9jaGFyZSIsIm5hbWUiOiJBZG1pbl9UZWFtIiwiaWF0IjoxNzI4NTQ3NjExLCJleHAiOjE3Mjg1NTEyMTF9.n4NCdIeFCmsbRVYgDA1_E8NIxvntu-eLBPE3HJbo4nA', '2024-10-10 08:03:55'),
(105, 1, 'eyJhbGciOiJIUzI1NiIsInR5cCI6IkpXVCJ9.eyJpZCI6MSwidXNlcm5hbWUiOiJ0YWNrdGVhbV9jaGFyZSIsIm5hbWUiOiJBZG1pbl9UZWFtIiwiaWF0IjoxNzI4NTQ3ODY0LCJleHAiOjE3Mjg1NTE0NjR9.YvZqmdT-n-JRCaNHr0c2t-3uSjM4g52Q9gq1cDJ6c00', '2024-10-10 08:08:08'),
(106, 1, 'eyJhbGciOiJIUzI1NiIsInR5cCI6IkpXVCJ9.eyJpZCI6MSwidXNlcm5hbWUiOiJ0YWNrdGVhbV9jaGFyZSIsIm5hbWUiOiJBZG1pbl9UZWFtIiwiaWF0IjoxNzI4NTQ3ODc2LCJleHAiOjE3Mjg1NTE0NzZ9.Ljtp2JEVDQ5fpbjN0CUNdPKzjL2fhHMZJcbnqJSSd_M', '2024-10-10 08:08:20'),
(107, 1, 'eyJhbGciOiJIUzI1NiIsInR5cCI6IkpXVCJ9.eyJpZCI6MSwidXNlcm5hbWUiOiJ0YWNrdGVhbV9jaGFyZSIsIm5hbWUiOiJBZG1pbl9UZWFtIiwiaWF0IjoxNzI4NTQ4NTE1LCJleHAiOjE3Mjg1NTIxMTV9.2F82LfJkc5xBEqOLRo59J_qIo2jy_dpGwYl1PM3qtfU', '2024-10-10 08:18:59'),
(108, 1, 'eyJhbGciOiJIUzI1NiIsInR5cCI6IkpXVCJ9.eyJpZCI6MSwidXNlcm5hbWUiOiJ0YWNrdGVhbV9jaGFyZSIsIm5hbWUiOiJBZG1pbl9UZWFtIiwiaWF0IjoxNzI4NTQ4OTk5LCJleHAiOjE3Mjg1NTI1OTl9.8khmV7DdOnSX7O0Y4Y7EKm7EM69tUM-Y2ulBQKOBT0c', '2024-10-10 08:27:03'),
(109, 1, 'eyJhbGciOiJIUzI1NiIsInR5cCI6IkpXVCJ9.eyJpZCI6MSwidXNlcm5hbWUiOiJ0YWNrdGVhbV9jaGFyZSIsIm5hbWUiOiJBZG1pbl9UZWFtIiwiaWF0IjoxNzI4NTQ5NjgxLCJleHAiOjE3Mjg1NTMyODF9.zMij7zRlnyuBTF5bqVOquKGo4DwJ8N2eACDcVhVVm0w', '2024-10-10 08:38:25'),
(110, 1, 'eyJhbGciOiJIUzI1NiIsInR5cCI6IkpXVCJ9.eyJpZCI6MSwidXNlcm5hbWUiOiJ0YWNrdGVhbV9jaGFyZSIsIm5hbWUiOiJBZG1pbl9UZWFtIiwiaWF0IjoxNzI4NTUyNzk4LCJleHAiOjE3Mjg1NTYzOTh9.57SWtU6NrCi4KjSIDNC3efmxkW-9gZNCM8EDwFHImpE', '2024-10-10 09:30:23'),
(111, 1, 'eyJhbGciOiJIUzI1NiIsInR5cCI6IkpXVCJ9.eyJpZCI6MSwidXNlcm5hbWUiOiJ0YWNrdGVhbV9jaGFyZSIsIm5hbWUiOiJBZG1pbl9UZWFtIiwiaWF0IjoxNzI4NTUzNDg0LCJleHAiOjE3Mjg1NTcwODR9.-JBTxAhudLO2GTLYTYHG6V6O2Ogc_ks1qylOEnCPH8A', '2024-10-10 09:41:49'),
(112, 1, 'eyJhbGciOiJIUzI1NiIsInR5cCI6IkpXVCJ9.eyJpZCI6MSwidXNlcm5hbWUiOiJ0YWNrdGVhbV9jaGFyZSIsIm5hbWUiOiJBZG1pbl9UZWFtIiwiaWF0IjoxNzI4NTU0MjIzLCJleHAiOjE3Mjg1NTc4MjN9.9pAamAmDVTEzVGOfS22TC2kVVdNEBG_JJwAmZXVXM0Q', '2024-10-10 09:53:59'),
(113, 1, 'eyJhbGciOiJIUzI1NiIsInR5cCI6IkpXVCJ9.eyJpZCI6MSwidXNlcm5hbWUiOiJ0YWNrdGVhbV9jaGFyZSIsIm5hbWUiOiJBZG1pbl9UZWFtIiwiaWF0IjoxNzI4NTU0Mjc4LCJleHAiOjE3Mjg1NTc4Nzh9._GdX82vnMyzCutEPJVf5pJlUbn545f5BZQV3DEzKeFo', '2024-10-10 09:54:54'),
(114, 1, 'eyJhbGciOiJIUzI1NiIsInR5cCI6IkpXVCJ9.eyJpZCI6MSwidXNlcm5hbWUiOiJ0YWNrdGVhbV9jaGFyZSIsIm5hbWUiOiJBZG1pbl9UZWFtIiwiaWF0IjoxNzI4NTU0NDY3LCJleHAiOjE3Mjg1NTgwNjd9.Ll9jKeT1OhA2xhNpXNUf3pggaMTyXUEHTZiSd2PZgdo', '2024-10-10 09:58:10'),
(115, 1, 'eyJhbGciOiJIUzI1NiIsInR5cCI6IkpXVCJ9.eyJpZCI6MSwidXNlcm5hbWUiOiJ0YWNrdGVhbV9jaGFyZSIsIm5hbWUiOiJBZG1pbl9UZWFtIiwiaWF0IjoxNzI4NTY3MzM0LCJleHAiOjE3Mjg1NzA5MzR9.ix_fFA2mM5sNSoLOpN_-gS-mGaTjYw_JpPyLTZ0a4nw', '2024-10-10 13:32:38'),
(116, 1, 'eyJhbGciOiJIUzI1NiIsInR5cCI6IkpXVCJ9.eyJpZCI6MSwidXNlcm5hbWUiOiJ0YWNrdGVhbV9jaGFyZSIsIm5hbWUiOiJBZG1pbl9UZWFtIiwiaWF0IjoxNzI4NTcwMTM3LCJleHAiOjE3Mjg1NzM3Mzd9.CNuQyGXPCG1jDy25B6t12mxQhsyUOxMH2zyGoe7M00w', '2024-10-10 14:19:13'),
(117, 1, 'eyJhbGciOiJIUzI1NiIsInR5cCI6IkpXVCJ9.eyJpZCI6MSwidXNlcm5hbWUiOiJ0YWNrdGVhbV9jaGFyZSIsIm5hbWUiOiJBZG1pbl9UZWFtIiwiaWF0IjoxNzI4NTcwNTA1LCJleHAiOjE3Mjg1NzQxMDV9.swUPT1lhOTyb08rQENeqWct1nxG3hq68gn1-CNLF1NU', '2024-10-10 14:25:29'),
(118, 1, 'eyJhbGciOiJIUzI1NiIsInR5cCI6IkpXVCJ9.eyJpZCI6MSwidXNlcm5hbWUiOiJ0YWNrdGVhbV9jaGFyZSIsIm5hbWUiOiJBZG1pbl9UZWFtIiwiaWF0IjoxNzI4NTcwOTg3LCJleHAiOjE3Mjg1NzQ1ODd9.GimZ1J3yjb0Uv8fzX_-7eDFPopaAkSl2dCb6XKBAw0M', '2024-10-10 14:33:31'),
(119, 1, 'eyJhbGciOiJIUzI1NiIsInR5cCI6IkpXVCJ9.eyJpZCI6MSwidXNlcm5hbWUiOiJ0YWNrdGVhbV9jaGFyZSIsIm5hbWUiOiJBZG1pbl9UZWFtIiwiaWF0IjoxNzI4NTc1MDAwLCJleHAiOjE3Mjg1Nzg2MDB9.A097TB0YUyt9jKiSDpgaU125P2x1wURyJ6-6OY53QYc', '2024-10-10 15:40:24'),
(120, 1, 'eyJhbGciOiJIUzI1NiIsInR5cCI6IkpXVCJ9.eyJpZCI6MSwidXNlcm5hbWUiOiJ0YWNrdGVhbV9jaGFyZSIsIm5hbWUiOiJBZG1pbl9UZWFtIiwiaWF0IjoxNzI4NTc1MDIwLCJleHAiOjE3Mjg1Nzg2MjB9.Q_6J4bAU5d5l2mCkDbzSLCk8T-CT4rbbvVarKPTDN_I', '2024-10-10 15:40:36'),
(121, 1, 'eyJhbGciOiJIUzI1NiIsInR5cCI6IkpXVCJ9.eyJpZCI6MSwidXNlcm5hbWUiOiJ0YWNrdGVhbV9jaGFyZSIsIm5hbWUiOiJBZG1pbl9UZWFtIiwiaWF0IjoxNzI4NTc1MDIxLCJleHAiOjE3Mjg1Nzg2MjF9.qvkEW5WFiLsowTjSj70OUKjHQb2PBR3zYD2NTMBq6xU', '2024-10-10 15:40:36'),
(122, 1, 'eyJhbGciOiJIUzI1NiIsInR5cCI6IkpXVCJ9.eyJpZCI6MSwidXNlcm5hbWUiOiJ0YWNrdGVhbV9jaGFyZSIsIm5hbWUiOiJBZG1pbl9UZWFtIiwiaWF0IjoxNzI4NTc2NDA1LCJleHAiOjE3Mjg1ODAwMDV9.opKlMryDevJLcGMyD_SPk25qEGV20SwDAqXoqWNC6Bk', '2024-10-10 16:03:40'),
(123, 1, 'eyJhbGciOiJIUzI1NiIsInR5cCI6IkpXVCJ9.eyJpZCI6MSwidXNlcm5hbWUiOiJ0YWNrdGVhbV9jaGFyZSIsIm5hbWUiOiJBZG1pbl9UZWFtIiwiaWF0IjoxNzI4NTc2NDA1LCJleHAiOjE3Mjg1ODAwMDV9.opKlMryDevJLcGMyD_SPk25qEGV20SwDAqXoqWNC6Bk', '2024-10-10 16:03:40'),
(124, 1, 'eyJhbGciOiJIUzI1NiIsInR5cCI6IkpXVCJ9.eyJpZCI6MSwidXNlcm5hbWUiOiJ0YWNrdGVhbV9jaGFyZSIsIm5hbWUiOiJBZG1pbl9UZWFtIiwiaWF0IjoxNzI4NTc3NzY4LCJleHAiOjE3Mjg1ODEzNjh9.ME_d-583ptnrLaCsKudAlFgUgYxiIt8AR8v4xI5JTNA', '2024-10-10 16:26:24'),
(125, 1, 'eyJhbGciOiJIUzI1NiIsInR5cCI6IkpXVCJ9.eyJpZCI6MSwidXNlcm5hbWUiOiJ0YWNrdGVhbV9jaGFyZSIsIm5hbWUiOiJBZG1pbl9UZWFtIiwiaWF0IjoxNzI4NTc4NDY5LCJleHAiOjE3Mjg1ODIwNjl9.mreACCPJ-8EBUL3EuiN3TCIqUtemD7l1zLqmV7OJOa0', '2024-10-10 16:38:05'),
(126, 1, 'eyJhbGciOiJIUzI1NiIsInR5cCI6IkpXVCJ9.eyJpZCI6MSwidXNlcm5hbWUiOiJ0YWNrdGVhbV9jaGFyZSIsIm5hbWUiOiJBZG1pbl9UZWFtIiwiaWF0IjoxNzI4NTc5NDU2LCJleHAiOjE3Mjg1ODMwNTZ9.WkD1WnIpu1Oytfnx4LDsY4g4nSLfqWQhrVHaaMw3bXk', '2024-10-10 16:54:40'),
(127, 1, 'eyJhbGciOiJIUzI1NiIsInR5cCI6IkpXVCJ9.eyJpZCI6MSwidXNlcm5hbWUiOiJ0YWNrdGVhbV9jaGFyZSIsIm5hbWUiOiJBZG1pbl9UZWFtIiwiaWF0IjoxNzI4NTc5OTA5LCJleHAiOjE3Mjg1ODM1MDl9.hXKCPkmpk2oLhBKhgc4UWAjyckQH9zudXilouEz0v94', '2024-10-10 17:02:05'),
(128, 1, 'eyJhbGciOiJIUzI1NiIsInR5cCI6IkpXVCJ9.eyJpZCI6MSwidXNlcm5hbWUiOiJ0YWNrdGVhbV9jaGFyZSIsIm5hbWUiOiJBZG1pbl9UZWFtIiwiaWF0IjoxNzI4NTc5OTE3LCJleHAiOjE3Mjg1ODM1MTd9.gDpaecINQJgcGiSK1g7ytrCcv9EIhqvAZ6qfvvCxHFw', '2024-10-10 17:02:13'),
(130, 1, 'eyJhbGciOiJIUzI1NiIsInR5cCI6IkpXVCJ9.eyJpZCI6MSwidXNlcm5hbWUiOiJ0YWNrdGVhbV9jaGFyZSIsIm5hbWUiOiJBZG1pbl9UZWFtIiwiaWF0IjoxNzI4NTgxNTY0LCJleHAiOjE3Mjg1ODUxNjR9.8bY4Wd5lsQBjcl1CGjGClwJQW_eKkwtZGPMBMndiEp0', '2024-10-10 17:29:48'),
(131, 1, 'eyJhbGciOiJIUzI1NiIsInR5cCI6IkpXVCJ9.eyJpZCI6MSwidXNlcm5hbWUiOiJ0YWNrdGVhbV9jaGFyZSIsIm5hbWUiOiJBZG1pbl9UZWFtIiwiaWF0IjoxNzI4NTgxNTY1LCJleHAiOjE3Mjg1ODUxNjV9.QJW0UAY9bMJK1NZVaUzBykeycLlMwzbQGzwFA9rlmjg', '2024-10-10 17:29:49'),
(132, 1, 'eyJhbGciOiJIUzI1NiIsInR5cCI6IkpXVCJ9.eyJpZCI6MSwidXNlcm5hbWUiOiJ0YWNrdGVhbV9jaGFyZSIsIm5hbWUiOiJBZG1pbl9UZWFtIiwiaWF0IjoxNzI4NTgxNTY3LCJleHAiOjE3Mjg1ODUxNjd9.9sDyNSQXvtIkyXfez3Y1BimBV08aJc1K5cUxlAvpe7Y', '2024-10-10 17:29:51'),
(133, 1, 'eyJhbGciOiJIUzI1NiIsInR5cCI6IkpXVCJ9.eyJpZCI6MSwidXNlcm5hbWUiOiJ0YWNrdGVhbV9jaGFyZSIsIm5hbWUiOiJBZG1pbl9UZWFtIiwiaWF0IjoxNzI4NjI0MTE0LCJleHAiOjE3Mjg2Mjc3MTR9.YnQt58om5HFdKbTBTps8qOtKHxgZkGOne7Geg0Q92PA', '2024-10-11 05:18:58'),
(134, 1, 'eyJhbGciOiJIUzI1NiIsInR5cCI6IkpXVCJ9.eyJpZCI6MSwidXNlcm5hbWUiOiJ0YWNrdGVhbV9jaGFyZSIsIm5hbWUiOiJBZG1pbl9UZWFtIiwiaWF0IjoxNzI4NjI3ODAxLCJleHAiOjE3Mjg2MzE0MDF9.wX45hNWVvPT7oF85LaLtUPHArDj7ORAEeFJ7g-oqDzM', '2024-10-11 06:20:24'),
(135, 1, 'eyJhbGciOiJIUzI1NiIsInR5cCI6IkpXVCJ9.eyJpZCI6MSwidXNlcm5hbWUiOiJ0YWNrdGVhbV9jaGFyZSIsIm5hbWUiOiJBZG1pbl9UZWFtIiwiaWF0IjoxNzI4NjMxNzE1LCJleHAiOjE3Mjg2MzUzMTV9.RNahqHHB7HCklhYNydG4OP0Ua1c4Mn9pdUHkymnthVY', '2024-10-11 07:25:38'),
(136, 1, 'eyJhbGciOiJIUzI1NiIsInR5cCI6IkpXVCJ9.eyJpZCI6MSwidXNlcm5hbWUiOiJ0YWNrdGVhbV9jaGFyZSIsIm5hbWUiOiJBZG1pbl9UZWFtIiwiaWF0IjoxNzI4NjM1NDM4LCJleHAiOjE3Mjg2MzkwMzh9.d-ed1xnVJFyfHQYOVvgu-BaW3T6xYofFaxCFGFvYgHM', '2024-10-11 08:27:41'),
(137, 1, 'eyJhbGciOiJIUzI1NiIsInR5cCI6IkpXVCJ9.eyJpZCI6MSwidXNlcm5hbWUiOiJ0YWNrdGVhbV9jaGFyZSIsIm5hbWUiOiJBZG1pbl9UZWFtIiwiaWF0IjoxNzI4NjM5MTkxLCJleHAiOjE3Mjg2NDI3OTF9.V5WON2UFartpuHSjU8FeFnm2zvckmrgqTcBAW7mvy-o', '2024-10-11 09:30:15'),
(138, 1, 'eyJhbGciOiJIUzI1NiIsInR5cCI6IkpXVCJ9.eyJpZCI6MSwidXNlcm5hbWUiOiJ0YWNrdGVhbV9jaGFyZSIsIm5hbWUiOiJBZG1pbl9UZWFtIiwiaWF0IjoxNzI4NjQyOTQ1LCJleHAiOjE3Mjg2NDY1NDV9.IXrtZSm5iPpmknl0gZ3L_keHip0CCJHm5h9pVV7dh7c', '2024-10-11 10:32:49'),
(141, 1, 'eyJhbGciOiJIUzI1NiIsInR5cCI6IkpXVCJ9.eyJpZCI6MSwidXNlcm5hbWUiOiJ0YWNrdGVhbV9jaGFyZSIsIm5hbWUiOiJBZG1pbl9UZWFtIiwiaWF0IjoxNzI4NjU1MjkxLCJleHAiOjE3Mjg2NTg4OTF9.WSPZWGMqKGa1pZkQKbSX0fhle4gE_6bYBsAQM7aYO84', '2024-10-11 13:58:34'),
(143, 1, 'eyJhbGciOiJIUzI1NiIsInR5cCI6IkpXVCJ9.eyJpZCI6MSwidXNlcm5hbWUiOiJ0YWNrdGVhbV9jaGFyZSIsIm5hbWUiOiJBZG1pbl9UZWFtIiwiaWF0IjoxNzI4NjU4MjMxLCJleHAiOjE3Mjg2NjE4MzF9.mq-P2sVCme6rKAMO-YEYgMNMtEjTvVrXvuiLKdgoBQA', '2024-10-11 14:47:34'),
(144, 1, 'eyJhbGciOiJIUzI1NiIsInR5cCI6IkpXVCJ9.eyJpZCI6MSwidXNlcm5hbWUiOiJ0YWNrdGVhbV9jaGFyZSIsIm5hbWUiOiJBZG1pbl9UZWFtIiwiaWF0IjoxNzI4NjU5MTkwLCJleHAiOjE3Mjg2NjI3OTB9.PjfzPSC5BvezPGM87e8Sm8fXHspCIHryNkOqkctw0ws', '2024-10-11 15:03:33'),
(145, 1, 'eyJhbGciOiJIUzI1NiIsInR5cCI6IkpXVCJ9.eyJpZCI6MSwidXNlcm5hbWUiOiJ0YWNrdGVhbV9jaGFyZSIsIm5hbWUiOiJBZG1pbl9UZWFtIiwiaWF0IjoxNzI4NjU5MzI0LCJleHAiOjE3Mjg2NjI5MjR9.bkY0TJd4yp0cXY-Xw3iXw8hAgceE0t1pb60hZPG1XWY', '2024-10-11 15:05:47'),
(146, 1, 'eyJhbGciOiJIUzI1NiIsInR5cCI6IkpXVCJ9.eyJpZCI6MSwidXNlcm5hbWUiOiJ0YWNrdGVhbV9jaGFyZSIsIm5hbWUiOiJBZG1pbl9UZWFtIiwiaWF0IjoxNzI4NzE1MzY4LCJleHAiOjE3Mjg3MTg5Njh9.YwJ9jrU51o7FQhmvv3js9y--lGQj9zY6G8WwNMuozi0', '2024-10-12 06:39:51'),
(147, 1, 'eyJhbGciOiJIUzI1NiIsInR5cCI6IkpXVCJ9.eyJpZCI6MSwidXNlcm5hbWUiOiJ0YWNrdGVhbV9jaGFyZSIsIm5hbWUiOiJBZG1pbl9UZWFtIiwiaWF0IjoxNzI4NzE5MDE1LCJleHAiOjE3Mjg3MjI2MTV9.E1TeBPYkq96eFXsHCRlmSEtctMjUvfxrmjvkvOPYfoQ', '2024-10-12 07:40:38'),
(148, 1, 'eyJhbGciOiJIUzI1NiIsInR5cCI6IkpXVCJ9.eyJpZCI6MSwidXNlcm5hbWUiOiJ0YWNrdGVhbV9jaGFyZSIsIm5hbWUiOiJBZG1pbl9UZWFtIiwiaWF0IjoxNzI4NzIwNzk0LCJleHAiOjE3Mjg3MjQzOTR9.Tn55x2N4fwSYQYj-h1Q4PuHAdjJXnEPF4eALh218EPE', '2024-10-12 08:10:18'),
(149, 1, 'eyJhbGciOiJIUzI1NiIsInR5cCI6IkpXVCJ9.eyJpZCI6MSwidXNlcm5hbWUiOiJ0YWNrdGVhbV9jaGFyZSIsIm5hbWUiOiJBZG1pbl9UZWFtIiwiaWF0IjoxNzI4NzIzNDE2LCJleHAiOjE3Mjg3MjcwMTZ9.POjHW5xRcOEWZfY6xYX-Q5wntEW3GXEQR6IUdkTduqM', '2024-10-12 08:53:59'),
(156, 1, 'eyJhbGciOiJIUzI1NiIsInR5cCI6IkpXVCJ9.eyJpZCI6MSwidXNlcm5hbWUiOiJ0YWNrdGVhbV9jaGFyZSIsIm5hbWUiOiJBZG1pbl9UZWFtIiwiaWF0IjoxNzI4ODk4NzU5LCJleHAiOjE3Mjg5MDIzNTl9.QqEzzGPmmOUAxvsZFW-s4ShWh228DMpwo-YGHfwopOg', '2024-10-14 09:36:20'),
(157, 1, 'eyJhbGciOiJIUzI1NiIsInR5cCI6IkpXVCJ9.eyJpZCI6MSwidXNlcm5hbWUiOiJ0YWNrdGVhbV9jaGFyZSIsIm5hbWUiOiJBZG1pbl9UZWFtIiwiaWF0IjoxNzI4ODk4NzY2LCJleHAiOjE3Mjg5MDIzNjZ9.8HEXdTqhcDe63UKNgwGBTR1z8i2LwCRT64TS1LEE4Rk', '2024-10-14 09:36:27'),
(158, 1, 'eyJhbGciOiJIUzI1NiIsInR5cCI6IkpXVCJ9.eyJpZCI6MSwidXNlcm5hbWUiOiJ0YWNrdGVhbV9jaGFyZSIsIm5hbWUiOiJBZG1pbl9UZWFtIiwiaWF0IjoxNzI4OTA0ODUzLCJleHAiOjE3Mjg5MDg0NTN9.K7LDFcYlpDnMlbo6NDDL7nPlNb87ezgLZZ0eJyiIudk', '2024-10-14 11:17:53'),
(161, 1, 'eyJhbGciOiJIUzI1NiIsInR5cCI6IkpXVCJ9.eyJpZCI6MSwidXNlcm5hbWUiOiJ0YWNrdGVhbV9jaGFyZSIsIm5hbWUiOiJBZG1pbl9UZWFtIiwiaWF0IjoxNzI4OTMwMzE5LCJleHAiOjE3Mjg5MzM5MTl9.1-cOYthaapB7z-0FUBr8S6-o0u01_tfUKOHfw-Ss6AQ', '2024-10-14 18:22:23'),
(162, 1, 'eyJhbGciOiJIUzI1NiIsInR5cCI6IkpXVCJ9.eyJpZCI6MSwidXNlcm5hbWUiOiJ0YWNrdGVhbV9jaGFyZSIsIm5hbWUiOiJBZG1pbl9UZWFtIiwiaWF0IjoxNzI4OTM1NjM5LCJleHAiOjE3Mjg5MzkyMzl9.tVr9R5eHoY_Ngy56jFaJrOXyJ9-aSG93omwCpOTO2_M', '2024-10-14 19:50:59'),
(163, 1, 'eyJhbGciOiJIUzI1NiIsInR5cCI6IkpXVCJ9.eyJpZCI6MSwidXNlcm5hbWUiOiJ0YWNrdGVhbV9jaGFyZSIsIm5hbWUiOiJBZG1pbl9UZWFtIiwiaWF0IjoxNzI4OTM5MzkyLCJleHAiOjE3Mjg5NDI5OTJ9.dsaRinoD3EtHX8_26REXqszE-CGlSM_gAoAK3BtuQ5U', '2024-10-14 20:53:35'),
(167, 3, 'eyJhbGciOiJIUzI1NiIsInR5cCI6IkpXVCJ9.eyJpZCI6MywidXNlcm5hbWUiOiJ0YW5vbXNhay53b0BrdS50aCIsImlhdCI6MTcyODk1MzQ3MCwiZXhwIjoxNzI4OTU3MDcwfQ.JZIJ90bXw5a_7-H0FFiSHUDvT44qlsBZJdZHeQaXBDo', '2024-10-15 00:48:13'),
(168, 4, 'eyJhbGciOiJIUzI1NiIsInR5cCI6IkpXVCJ9.eyJpZCI6NCwidXNlcm5hbWUiOiJzYXNpdGhvcm5Aa3UtaW5vdmEub3JnIiwiaWF0IjoxNzI4OTUzNTE1LCJleHAiOjE3Mjg5NTcxMTV9.-yccw3NR1hWKCcyWacbVGsqF0zT3Ud3o9K19BSiCdgs', '2024-10-15 00:48:58'),
(170, 5, 'eyJhbGciOiJIUzI1NiIsInR5cCI6IkpXVCJ9.eyJpZCI6NSwidXNlcm5hbWUiOiJ0YWNrdGVhbS5kZXZAZ21haWwuY29tIiwiaWF0IjoxNzI4OTUzNzA2LCJleHAiOjE3Mjg5NTczMDZ9.aBeWL3Y8HWbfDM1thjPfiov4_g-y2WB4rUth8p2fEzw', '2024-10-15 00:52:06'),
(172, 6, 'eyJhbGciOiJIUzI1NiIsInR5cCI6IkpXVCJ9.eyJpZCI6NiwidXNlcm5hbWUiOiIgd2FsYWlsdWNrLndAa3UudGgiLCJpYXQiOjE3Mjg5NTM5MjMsImV4cCI6MTcyODk1NzUyM30.AXoIW-UYkORXWYQv1Stf4ORuBeqXJegdRwqBvhG3YYg', '2024-10-15 00:55:46'),
(174, 1, 'eyJhbGciOiJIUzI1NiIsInR5cCI6IkpXVCJ9.eyJpZCI6MSwidXNlcm5hbWUiOiJ0YWNrdGVhbV9jaGFyZSIsIm5hbWUiOiJBZG1pbl9UZWFtIiwiaWF0IjoxNzI4OTU5NzI1LCJleHAiOjE3Mjg5NjMzMjV9.qfI5tQZ8bhFJT48AIZPgLPcRtHQEjWtxiKJOi3LayMw', '2024-10-15 02:32:25'),
(175, 1, 'eyJhbGciOiJIUzI1NiIsInR5cCI6IkpXVCJ9.eyJpZCI6MSwidXNlcm5hbWUiOiJ0YWNrdGVhbV9jaGFyZSIsIm5hbWUiOiJBZG1pbl9UZWFtIiwiaWF0IjoxNzI4OTU5Nzk0LCJleHAiOjE3Mjg5NjMzOTR9.4Y3FaSsw1zyb5gmbin7vbC-9dnUSUUiG3ezcW-PqARg', '2024-10-15 02:33:33'),
(178, 1, 'eyJhbGciOiJIUzI1NiIsInR5cCI6IkpXVCJ9.eyJpZCI6MSwidXNlcm5hbWUiOiJ0YWNrdGVhbV9jaGFyZSIsIm5hbWUiOiJBZG1pbl9UZWFtIiwiaWF0IjoxNzI4OTY1MDM1LCJleHAiOjE3Mjg5Njg2MzV9.2tVySiPMZi5bthODGaKhRlgPXadTPRif8olbedwiKPQ', '2024-10-15 04:00:54'),
(179, 1, 'eyJhbGciOiJIUzI1NiIsInR5cCI6IkpXVCJ9.eyJpZCI6MSwidXNlcm5hbWUiOiJ0YWNrdGVhbV9jaGFyZSIsIm5hbWUiOiJBZG1pbl9UZWFtIiwiaWF0IjoxNzI4OTcxNjE5LCJleHAiOjE3Mjg5NzUyMTl9.Rqeeu8uWH5jgtEfFDdSveXGUY_0MvZffwluCfyGz-0w', '2024-10-15 05:50:37'),
(180, 1, 'eyJhbGciOiJIUzI1NiIsInR5cCI6IkpXVCJ9.eyJpZCI6MSwidXNlcm5hbWUiOiJ0YWNrdGVhbV9jaGFyZSIsIm5hbWUiOiJBZG1pbl9UZWFtIiwiaWF0IjoxNzI4OTcyMTg2LCJleHAiOjE3Mjg5NzU3ODZ9.XhOehrELGDVrbsnI704cxB-1aFnb7hTsn76DjiKcPyg', '2024-10-15 06:00:05'),
(182, 1, 'eyJhbGciOiJIUzI1NiIsInR5cCI6IkpXVCJ9.eyJpZCI6MSwidXNlcm5hbWUiOiJ0YWNrdGVhbV9jaGFyZSIsIm5hbWUiOiJBZG1pbl9UZWFtIiwiaWF0IjoxNzI4OTc4NDYwLCJleHAiOjE3Mjg5ODIwNjB9.UwCcU9HFQS0qaz9n2eVC7mn6vtmxkDmJC_Zgjuq3jrc', '2024-10-15 07:44:40'),
(183, 1, 'eyJhbGciOiJIUzI1NiIsInR5cCI6IkpXVCJ9.eyJpZCI6MSwidXNlcm5hbWUiOiJ0YWNrdGVhbV9jaGFyZSIsIm5hbWUiOiJBZG1pbl9UZWFtIiwiaWF0IjoxNzI4OTc4NDgwLCJleHAiOjE3Mjg5ODIwODB9.-pgnrfMw_YA-h0uRXHI-7AnIfRYSMrfdGRMOcvfKpnI', '2024-10-15 07:44:59'),
(185, 1, 'eyJhbGciOiJIUzI1NiIsInR5cCI6IkpXVCJ9.eyJpZCI6MSwidXNlcm5hbWUiOiJ0YWNrdGVhbV9jaGFyZSIsIm5hbWUiOiJBZG1pbl9UZWFtIiwiaWF0IjoxNzI4OTc5MTcyLCJleHAiOjE3Mjg5ODI3NzJ9.DfipELbTdbQPuUtLLxyx1vmqRQB-wRZPF8-8J6oGDEA', '2024-10-15 07:56:31'),
(186, 1, 'eyJhbGciOiJIUzI1NiIsInR5cCI6IkpXVCJ9.eyJpZCI6MSwidXNlcm5hbWUiOiJ0YWNrdGVhbV9jaGFyZSIsIm5hbWUiOiJBZG1pbl9UZWFtIiwiaWF0IjoxNzI5MDYyMjM5LCJleHAiOjE3MjkwNjU4Mzl9.RDbcHT7Kk8VoFQ1rXWApISZyqld9I89IB1Qfyx3Rl00', '2024-10-16 07:00:58'),
(187, 1, 'eyJhbGciOiJIUzI1NiIsInR5cCI6IkpXVCJ9.eyJpZCI6MSwidXNlcm5hbWUiOiJ0YWNrdGVhbV9jaGFyZSIsIm5hbWUiOiJBZG1pbl9UZWFtIiwiaWF0IjoxNzI5MDY2MDQzLCJleHAiOjE3MjkwNjk2NDN9.9h4aXPIuufBg59a1oaSX4SN4PYVKLky1L03gviUUjfo', '2024-10-16 08:04:22'),
(188, 1, 'eyJhbGciOiJIUzI1NiIsInR5cCI6IkpXVCJ9.eyJpZCI6MSwidXNlcm5hbWUiOiJ0YWNrdGVhbV9jaGFyZSIsIm5hbWUiOiJBZG1pbl9UZWFtIiwiaWF0IjoxNzI5MDcyNDc4LCJleHAiOjE3MjkwNzYwNzh9.RypOAgwGTTg-iNzll7-1_jITKpEEDTnEvvTtMzMBnBo', '2024-10-16 09:51:37'),
(189, 1, 'eyJhbGciOiJIUzI1NiIsInR5cCI6IkpXVCJ9.eyJpZCI6MSwidXNlcm5hbWUiOiJ0YWNrdGVhbV9jaGFyZSIsIm5hbWUiOiJBZG1pbl9UZWFtIiwiaWF0IjoxNzI5MDg5OTQyLCJleHAiOjE3MjkwOTM1NDJ9.ls10iG2FIgWOXMnKlJZq7II-oa0xAGOcnpNAayOz5Gk', '2024-10-16 14:42:40'),
(190, 1, 'eyJhbGciOiJIUzI1NiIsInR5cCI6IkpXVCJ9.eyJpZCI6MSwidXNlcm5hbWUiOiJ0YWNrdGVhbV9jaGFyZSIsIm5hbWUiOiJBZG1pbl9UZWFtIiwiaWF0IjoxNzI5MDk2NDgxLCJleHAiOjE3MjkxMDAwODF9.RfKHSbQmsIhQxaXuXPj9O42qA40AnAHj6rvWcRVlQME', '2024-10-16 16:31:39'),
(191, 1, 'eyJhbGciOiJIUzI1NiIsInR5cCI6IkpXVCJ9.eyJpZCI6MSwidXNlcm5hbWUiOiJ0YWNrdGVhbV9jaGFyZSIsIm5hbWUiOiJBZG1pbl9UZWFtIiwiaWF0IjoxNzI5MDk5OTM4LCJleHAiOjE3MjkxMDM1Mzh9.pio6A3ZhsTkqBesIL80oo0wTrBf70W5z2SZVuJBGXSo', '2024-10-16 17:29:16'),
(194, 1, 'eyJhbGciOiJIUzI1NiIsInR5cCI6IkpXVCJ9.eyJpZCI6MSwidXNlcm5hbWUiOiJ0YWNrdGVhbV9jaGFyZSIsIm5hbWUiOiJBZG1pbl9UZWFtIiwiaWF0IjoxNzI5MTA3NjM0LCJleHAiOjE3MjkxMTEyMzR9.3aJHzPPYtqpe_X-HtHyKr4wM64L1qPntr52lwo6XkVE', '2024-10-16 19:37:32'),
(195, 1, 'eyJhbGciOiJIUzI1NiIsInR5cCI6IkpXVCJ9.eyJpZCI6MSwidXNlcm5hbWUiOiJ0YWNrdGVhbV9jaGFyZSIsIm5hbWUiOiJBZG1pbl9UZWFtIiwiaWF0IjoxNzI5MTM0NjkzLCJleHAiOjE3MjkxMzgyOTN9.0zydczEK0qhgWz8PUV7ebr8Lkd9V-_p3a5ZUPJX6GR8', '2024-10-17 03:08:31'),
(196, 1, 'eyJhbGciOiJIUzI1NiIsInR5cCI6IkpXVCJ9.eyJpZCI6MSwidXNlcm5hbWUiOiJ0YWNrdGVhbV9jaGFyZSIsIm5hbWUiOiJBZG1pbl9UZWFtIiwiaWF0IjoxNzI5MTM0NzAwLCJleHAiOjE3MjkxMzgzMDB9.XCXUQvPBgm-O0D7-6hF_Tc697YgWOKgRWPr4vuT9iaA', '2024-10-17 03:08:38'),
(197, 1, 'eyJhbGciOiJIUzI1NiIsInR5cCI6IkpXVCJ9.eyJpZCI6MSwidXNlcm5hbWUiOiJ0YWNrdGVhbV9jaGFyZSIsIm5hbWUiOiJBZG1pbl9UZWFtIiwiaWF0IjoxNzI5MTM1ODM2LCJleHAiOjE3MjkxMzk0MzZ9.3kPDQOXI0lFExFdCZcLsXLFddCh_p0b0jV4tVKFV8ec', '2024-10-17 03:27:34'),
(198, 1, 'eyJhbGciOiJIUzI1NiIsInR5cCI6IkpXVCJ9.eyJpZCI6MSwidXNlcm5hbWUiOiJ0YWNrdGVhbV9jaGFyZSIsIm5hbWUiOiJBZG1pbl9UZWFtIiwiaWF0IjoxNzI5MTQ4NjIxLCJleHAiOjE3MjkxNTIyMjF9.Lp-wFjXfaRBMebP8D6SfVieNZIx2AQZDh7Dn2lvnb7c', '2024-10-17 07:00:38'),
(199, 1, 'eyJhbGciOiJIUzI1NiIsInR5cCI6IkpXVCJ9.eyJpZCI6MSwidXNlcm5hbWUiOiJ0YWNrdGVhbV9jaGFyZSIsIm5hbWUiOiJBZG1pbl9UZWFtIiwiaWF0IjoxNzI5MTQ4NjI3LCJleHAiOjE3MjkxNTIyMjd9.YaM4Mco-BG6YCHx1LfQMkI4pf2DwGTBRzcYLqbS3DIY', '2024-10-17 07:00:44'),
(200, 1, 'eyJhbGciOiJIUzI1NiIsInR5cCI6IkpXVCJ9.eyJpZCI6MSwidXNlcm5hbWUiOiJ0YWNrdGVhbV9jaGFyZSIsIm5hbWUiOiJBZG1pbl9UZWFtIiwiaWF0IjoxNzI5MTUyMzU2LCJleHAiOjE3MjkxNTU5NTZ9.9SSEuebYkK7vHO_gX_t2H_k4if7f9rX3me4sBmPQpS8', '2024-10-17 08:02:54'),
(201, 1, 'eyJhbGciOiJIUzI1NiIsInR5cCI6IkpXVCJ9.eyJpZCI6MSwidXNlcm5hbWUiOiJ0YWNrdGVhbV9jaGFyZSIsIm5hbWUiOiJBZG1pbl9UZWFtIiwiaWF0IjoxNzI5MzI0NzY5LCJleHAiOjE3MjkzMjgzNjl9.NcE79Tm2kdlPJlxCohToY9xfAf0z3ZoIXImUtZ78kBQ', '2024-10-19 07:56:24'),
(202, 1, 'eyJhbGciOiJIUzI1NiIsInR5cCI6IkpXVCJ9.eyJpZCI6MSwidXNlcm5hbWUiOiJ0YWNrdGVhbV9jaGFyZSIsIm5hbWUiOiJBZG1pbl9UZWFtIiwiaWF0IjoxNzI5MzI3NTg1LCJleHAiOjE3MjkzMzExODV9.GMYvMjkGS4-LSMy2gYXELlDt6x03oVR2J9ahgRfW1GI', '2024-10-19 08:43:21'),
(205, 1, 'eyJhbGciOiJIUzI1NiIsInR5cCI6IkpXVCJ9.eyJpZCI6MSwidXNlcm5hbWUiOiJ0YWNrdGVhbV9jaGFyZSIsIm5hbWUiOiJBZG1pbl9UZWFtIiwiaWF0IjoxNzI5MzUyNDIxLCJleHAiOjE3MjkzNTYwMjF9.fSesdsh5GOY9OmoAyD9EMH17q-PJwSmVy1hfOk3-ilg', '2024-10-19 15:37:16'),
(207, 1, 'eyJhbGciOiJIUzI1NiIsInR5cCI6IkpXVCJ9.eyJpZCI6MSwidXNlcm5hbWUiOiJ0YWNrdGVhbV9jaGFyZSIsIm5hbWUiOiJBZG1pbl9UZWFtIiwiaWF0IjoxNzI5MzU4NzgwLCJleHAiOjE3MjkzNjIzODB9.djSLRYSt1rVy4CafL7EHoBBn54tETOoeWB2S7yAKOVY', '2024-10-19 17:23:15'),
(208, 1, 'eyJhbGciOiJIUzI1NiIsInR5cCI6IkpXVCJ9.eyJpZCI6MSwidXNlcm5hbWUiOiJ0YWNrdGVhbV9jaGFyZSIsIm5hbWUiOiJBZG1pbl9UZWFtIiwiaWF0IjoxNzI5MzU4NzkwLCJleHAiOjE3MjkzNjIzOTB9.M-gngyGvR3y6imJiyayDqwEoWsQ_kytWPPLt690qP0I', '2024-10-19 17:23:25'),
(209, 1, 'eyJhbGciOiJIUzI1NiIsInR5cCI6IkpXVCJ9.eyJpZCI6MSwidXNlcm5hbWUiOiJ0YWNrdGVhbV9jaGFyZSIsIm5hbWUiOiJBZG1pbl9UZWFtIiwiaWF0IjoxNzI5NDA4NTI3LCJleHAiOjE3Mjk0MTIxMjd9.WPUuxYgWza08osdGm4dlJrMkvT1D_Ae0sxzrf-eHC9U', '2024-10-20 07:12:22'),
(210, 1, 'eyJhbGciOiJIUzI1NiIsInR5cCI6IkpXVCJ9.eyJpZCI6MSwidXNlcm5hbWUiOiJ0YWNrdGVhbV9jaGFyZSIsIm5hbWUiOiJBZG1pbl9UZWFtIiwiaWF0IjoxNzI5NDA5OTUxLCJleHAiOjE3Mjk0MTM1NTF9.oEFB9z11ZR5lyzvU05m0KZBLKRHQcmaUz69GxOSnIMQ', '2024-10-20 07:36:06'),
(211, 1, 'eyJhbGciOiJIUzI1NiIsInR5cCI6IkpXVCJ9.eyJpZCI6MSwidXNlcm5hbWUiOiJ0YWNrdGVhbV9jaGFyZSIsIm5hbWUiOiJBZG1pbl9UZWFtIiwiaWF0IjoxNzI5NDEzNTY3LCJleHAiOjE3Mjk0MTcxNjd9.JRkybQstwC-RMzKnkl8_a1LBqTBGnD_2WoGLPKalCCE', '2024-10-20 08:36:21'),
(212, 1, 'eyJhbGciOiJIUzI1NiIsInR5cCI6IkpXVCJ9.eyJpZCI6MSwidXNlcm5hbWUiOiJ0YWNrdGVhbV9jaGFyZSIsIm5hbWUiOiJBZG1pbl9UZWFtIiwiaWF0IjoxNzI5NDE3MjQ2LCJleHAiOjE3Mjk0MjA4NDZ9.oOXOECY7xZPH_-ne_kKMaxuk3xI1rItwsr5Cr9rTGX4', '2024-10-20 09:37:41');

-- --------------------------------------------------------

--
-- Table structure for table `categories`
--

CREATE TABLE `categories` (
  `id` int(11) NOT NULL,
  `name` varchar(255) NOT NULL
) ENGINE=InnoDB DEFAULT CHARSET=utf8 COLLATE=utf8_general_ci;

--
-- Dumping data for table `categories`
--

INSERT INTO `categories` (`id`, `name`) VALUES
(1, 'สถานที่ท่องเที่ยว'),
(2, 'ที่พัก'),
(3, 'ร้านอาหาร'),
(4, 'ร้านค้าของฝาก');

-- --------------------------------------------------------

--
-- Table structure for table `chatbot_suggestions`
--

CREATE TABLE `chatbot_suggestions` (
  `id` int(11) NOT NULL,
  `category` varchar(255) NOT NULL,
  `suggestion_text` varchar(255) NOT NULL,
  `active` tinyint(1) DEFAULT 1,
  `created_at` timestamp NOT NULL DEFAULT current_timestamp(),
  `updated_at` timestamp NOT NULL DEFAULT current_timestamp() ON UPDATE current_timestamp()
) ENGINE=InnoDB DEFAULT CHARSET=utf8mb4 COLLATE=utf8mb4_general_ci;

--
-- Dumping data for table `chatbot_suggestions`
--

INSERT INTO `chatbot_suggestions` (`id`, `category`, `suggestion_text`, `active`, `created_at`, `updated_at`) VALUES
(15, 'สถานที่ท่องเที่ยว', 'สถานที่ท่องเที่ยวใกล้เคียงฉันตอนนี้', 1, '2024-10-06 17:42:35', '2024-10-06 17:42:35'),
(16, 'ที่พัก', 'ที่พักใกล้เคียงฉันตอนนี้', 1, '2024-10-06 17:43:03', '2024-10-06 17:43:03'),
(17, 'ร้านค้า', 'ร้านค้าใกล้เคียงฉันตอนนี้', 1, '2024-10-06 17:43:19', '2024-10-06 17:43:19'),
(18, 'ร้านอาหาร', 'ร้านอาหารใกล้เคียงฉันตอนนี้', 1, '2024-10-06 17:43:36', '2024-10-06 17:43:36');

-- --------------------------------------------------------

--
-- Table structure for table `district`
--

CREATE TABLE `district` (
  `id` int(5) NOT NULL,
  `name` varchar(150) NOT NULL
) ENGINE=InnoDB DEFAULT CHARSET=utf8 COLLATE=utf8_general_ci;

--
-- Dumping data for table `district`
--

INSERT INTO `district` (`id`, `name`) VALUES
(1, 'เมืองนครพนม'),
(2, 'บ้านแพง'),
(3, 'ท่าอุเทน'),
(4, 'ศรีสงคราม'),
(5, 'นาหว้า'),
(6, 'โพนสวรรค์'),
(7, 'นาทม '),
(8, 'ธาตุพนม'),
(9, 'เรณูนคร'),
(10, 'นาแก'),
(11, 'ปลาปาก'),
(12, 'วังยาง');

-- --------------------------------------------------------

--
-- Table structure for table `operating_hours`
--

CREATE TABLE `operating_hours` (
  `id` int(7) NOT NULL,
  `place_id` int(7) NOT NULL,
  `day_of_week` enum('Sunday','Monday','Tuesday','Wednesday','Thursday','Friday','Saturday','Everyday','Except Holidays') NOT NULL,
  `opening_time` time DEFAULT NULL,
  `closing_time` time DEFAULT NULL
) ENGINE=InnoDB DEFAULT CHARSET=utf8 COLLATE=utf8_general_ci;

--
-- Dumping data for table `operating_hours`
--

INSERT INTO `operating_hours` (`id`, `place_id`, `day_of_week`, `opening_time`, `closing_time`) VALUES
(16, 6, 'Everyday', '08:30:00', '17:00:00'),
(18, 7, 'Everyday', '08:00:00', '22:30:00'),
(23, 12, 'Everyday', '02:00:00', '00:00:00'),
(26, 17, 'Everyday', '06:00:00', '18:00:00'),
(27, 18, 'Everyday', '06:00:00', '20:00:00'),
(33, 24, 'Everyday', '07:00:00', '20:00:00'),
(34, 25, 'Everyday', '08:00:00', '20:00:00'),
(35, 26, 'Everyday', '06:00:00', '20:00:00'),
(36, 4, 'Everyday', '07:30:00', '20:30:00'),
(37, 5, 'Everyday', '09:00:00', '22:00:00'),
(39, 67, 'Everyday', '04:00:00', '15:30:00'),
(41, 70, 'Monday', '08:00:00', '14:30:00'),
(42, 70, 'Wednesday', '08:00:00', '14:00:00'),
(43, 70, 'Thursday', '08:00:00', '14:00:00'),
(44, 70, 'Friday', '08:00:00', '14:00:00'),
(45, 70, 'Saturday', '08:00:00', '14:00:00'),
(46, 70, 'Sunday', '08:00:00', '14:00:00'),
(48, 74, 'Everyday', '08:30:00', '14:00:00'),
(49, 75, 'Everyday', '09:00:00', '17:00:00'),
(50, 76, 'Everyday', '06:00:00', '19:00:00'),
(53, 32, 'Everyday', '08:30:00', '16:30:00'),
(56, 80, 'Everyday', '09:00:00', '12:00:00'),
(58, 82, 'Everyday', '10:00:00', '14:00:00'),
(62, 86, 'Monday', '07:30:00', '13:30:00'),
(63, 86, 'Thursday', '07:30:00', '13:30:00'),
(65, 96, 'Everyday', '11:00:00', '14:00:00'),
(66, 98, 'Everyday', '10:00:00', '19:00:00'),
(69, 102, 'Everyday', '06:00:00', '22:00:00'),
(74, 113, 'Everyday', '05:00:00', '19:00:00'),
(77, 118, 'Everyday', '08:00:00', '18:00:00'),
(78, 1, 'Everyday', '10:00:00', '22:00:00'),
(79, 1, 'Everyday', '10:00:00', '22:00:00'),
(80, 1, 'Everyday', '10:00:00', '22:00:00'),
(81, 77, 'Sunday', '08:30:00', '16:00:00'),
(82, 77, 'Monday', '08:30:00', '16:00:00'),
(83, 77, 'Tuesday', '08:30:00', '16:00:00'),
(84, 77, 'Wednesday', '08:30:00', '16:00:00'),
(85, 77, 'Thursday', '08:30:00', '16:00:00'),
(86, 77, 'Friday', '08:30:00', '16:00:00'),
(87, 77, 'Saturday', '08:30:00', '16:00:00'),
(88, 76, 'Sunday', '06:00:00', '19:00:00'),
(89, 76, 'Monday', '06:00:00', '19:00:00'),
(90, 76, 'Tuesday', '06:00:00', '19:00:00'),
(91, 76, 'Wednesday', '06:00:00', '19:00:00'),
(92, 76, 'Thursday', '06:00:00', '19:00:00'),
(93, 76, 'Friday', '06:00:00', '19:00:00'),
(94, 76, 'Saturday', '06:00:00', '19:00:00'),
(115, 12, 'Sunday', '02:00:00', '00:00:00'),
(116, 12, 'Monday', '02:00:00', '00:00:00'),
(117, 12, 'Tuesday', '02:00:00', '00:00:00'),
(118, 12, 'Sunday', '02:00:00', '00:00:00'),
(119, 12, 'Monday', '02:00:00', '00:00:00'),
(120, 12, 'Tuesday', '02:00:00', '00:00:00'),
(121, 12, 'Wednesday', '02:00:00', '00:00:00'),
(122, 12, 'Thursday', '02:00:00', '00:00:00'),
(123, 12, 'Friday', '02:00:00', '00:00:00'),
(124, 12, 'Saturday', '02:00:00', '00:00:00'),
(125, 126, 'Everyday', '09:30:00', '14:00:00'),
(126, 126, 'Friday', '09:30:00', '14:00:00'),
(127, 127, 'Monday', '09:00:00', '18:00:00'),
(128, 127, 'Tuesday', '09:00:00', '18:00:00'),
(129, 127, 'Wednesday', '09:00:00', '18:00:00'),
(130, 127, 'Thursday', '09:00:00', '18:00:00'),
(131, 127, 'Friday', '09:00:00', '18:00:00'),
(160, 131, 'Monday', '08:00:00', '18:00:00'),
(161, 131, 'Tuesday', '08:00:00', '18:00:00'),
(162, 131, 'Wednesday', '08:00:00', '18:00:00'),
(163, 131, 'Thursday', '08:00:00', '18:00:00'),
(164, 131, 'Friday', '08:00:00', '18:00:00'),
(165, 131, 'Saturday', '08:00:00', '18:00:00'),
(166, 131, 'Sunday', '08:00:00', '18:00:00'),
(224, 10, 'Sunday', '09:00:00', '18:00:00'),
(225, 10, 'Monday', '09:00:00', '18:00:00'),
(226, 10, 'Tuesday', '09:00:00', '18:00:00'),
(227, 10, 'Wednesday', '09:00:00', '18:00:00'),
(228, 10, 'Thursday', '09:00:00', '18:00:00'),
(229, 10, 'Friday', '09:00:00', '18:00:00'),
(230, 10, 'Saturday', '09:00:00', '18:00:00'),
(232, 11, 'Sunday', '02:00:00', '23:00:00'),
(233, 11, 'Monday', '02:00:00', '23:00:00'),
(234, 11, 'Tuesday', '02:00:00', '23:00:00'),
(235, 11, 'Wednesday', '02:00:00', '23:00:00'),
(236, 11, 'Thursday', '02:00:00', '23:00:00'),
(237, 11, 'Friday', '02:00:00', '23:00:00'),
(238, 11, 'Saturday', '02:00:00', '23:00:00'),
(245, 68, 'Sunday', '08:00:00', '16:00:00'),
(246, 68, 'Monday', '08:00:00', '16:00:00'),
(247, 68, 'Tuesday', '08:00:00', '16:00:00'),
(248, 68, 'Wednesday', '08:00:00', '16:00:00'),
(249, 68, 'Thursday', '08:00:00', '16:00:00'),
(250, 68, 'Friday', '08:00:00', '16:00:00'),
(251, 68, 'Saturday', '08:00:00', '16:00:00'),
(252, 23, 'Sunday', '08:00:00', '20:00:00'),
(253, 23, 'Monday', '08:00:00', '20:00:00'),
(254, 23, 'Tuesday', '08:00:00', '20:00:00'),
(255, 23, 'Wednesday', '08:00:00', '20:00:00'),
(256, 23, 'Thursday', '08:00:00', '20:00:00'),
(257, 23, 'Friday', '08:00:00', '20:00:00'),
(258, 23, 'Saturday', '08:00:00', '20:00:00'),
(259, 16, 'Sunday', '09:30:00', '19:00:00'),
(260, 16, 'Monday', '09:30:00', '19:00:00'),
(261, 16, 'Tuesday', '09:30:00', '19:00:00'),
(262, 16, 'Wednesday', '09:30:00', '19:00:00'),
(263, 16, 'Thursday', '09:30:00', '19:00:00'),
(264, 16, 'Friday', '09:30:00', '19:00:00'),
(265, 16, 'Saturday', '09:30:00', '19:00:00'),
(266, 16, 'Sunday', '09:30:00', '19:00:00'),
(267, 16, 'Monday', '09:30:00', '19:00:00'),
(268, 16, 'Tuesday', '09:30:00', '19:00:00'),
(269, 16, 'Wednesday', '09:30:00', '19:00:00'),
(270, 16, 'Thursday', '09:30:00', '19:00:00'),
(271, 16, 'Friday', '09:30:00', '19:00:00'),
(272, 16, 'Saturday', '09:30:00', '19:00:00'),
(273, 16, 'Sunday', '09:30:00', '19:00:00'),
(274, 16, 'Monday', '09:30:00', '19:00:00'),
(275, 16, 'Tuesday', '09:30:00', '19:00:00'),
(276, 16, 'Wednesday', '09:30:00', '19:00:00'),
(277, 16, 'Thursday', '09:30:00', '19:00:00'),
(278, 16, 'Friday', '09:30:00', '19:00:00'),
(279, 16, 'Saturday', '09:30:00', '19:00:00'),
(280, 16, 'Sunday', '09:30:00', '19:00:00'),
(281, 16, 'Monday', '09:30:00', '19:00:00'),
(282, 16, 'Tuesday', '09:30:00', '19:00:00'),
(283, 16, 'Wednesday', '09:30:00', '19:00:00'),
(284, 16, 'Thursday', '09:30:00', '19:00:00'),
(285, 16, 'Friday', '09:30:00', '19:00:00'),
(286, 16, 'Saturday', '09:30:00', '19:00:00'),
(294, 4, 'Friday', '09:30:00', '14:30:00'),
(295, 1, 'Sunday', '09:30:00', '02:20:00'),
(296, 1, 'Monday', '09:30:00', '02:20:00'),
(297, 1, 'Tuesday', '09:30:00', '02:20:00'),
(298, 1, 'Wednesday', '09:30:00', '02:20:00'),
(299, 1, 'Thursday', '09:30:00', '02:20:00'),
(300, 1, 'Friday', '09:30:00', '02:20:00'),
(301, 1, 'Saturday', '09:30:00', '02:20:00'),
(302, 1, 'Sunday', '09:30:00', '02:20:00'),
(303, 1, 'Monday', '09:30:00', '02:20:00'),
(310, 196, 'Monday', '06:00:00', '18:00:00'),
(311, 196, 'Tuesday', '06:00:00', '18:00:00'),
(312, 196, 'Wednesday', '06:00:00', '18:00:00'),
(313, 196, 'Thursday', '06:00:00', '18:00:00'),
(314, 196, 'Friday', '06:00:00', '18:00:00'),
(315, 196, 'Saturday', '06:00:00', '18:00:00'),
(322, 201, 'Monday', '08:00:00', '18:00:00'),
(323, 201, 'Tuesday', '08:00:00', '18:00:00'),
(324, 201, 'Wednesday', '08:00:00', '18:00:00'),
(325, 201, 'Thursday', '08:00:00', '18:00:00'),
(326, 201, 'Friday', '08:00:00', '18:00:00'),
(327, 201, 'Saturday', '08:00:00', '18:00:00'),
(328, 201, 'Sunday', '08:00:00', '18:00:00'),
(329, 202, 'Monday', '08:00:00', '17:00:00'),
(330, 202, 'Tuesday', '08:00:00', '17:00:00'),
(331, 202, 'Wednesday', '08:00:00', '17:00:00'),
(332, 202, 'Thursday', '08:00:00', '17:00:00'),
(333, 202, 'Friday', '08:00:00', '17:00:00'),
(334, 202, 'Saturday', '08:00:00', '17:00:00'),
(335, 202, 'Sunday', '08:00:00', '17:00:00'),
(343, 216, 'Monday', '18:00:00', '14:00:00'),
(344, 216, 'Tuesday', '18:00:00', '14:00:00'),
(345, 216, 'Wednesday', '18:00:00', '14:00:00'),
(346, 216, 'Thursday', '18:00:00', '14:00:00'),
(347, 216, 'Friday', '18:00:00', '14:00:00'),
(348, 216, 'Saturday', '18:00:00', '14:00:00'),
(349, 216, 'Sunday', '18:00:00', '14:00:00'),
(350, 219, 'Monday', '06:00:00', '17:00:00'),
(351, 219, 'Tuesday', '06:00:00', '17:00:00'),
(352, 219, 'Wednesday', '06:00:00', '17:00:00'),
(353, 219, 'Thursday', '06:00:00', '17:00:00'),
(354, 219, 'Friday', '06:00:00', '17:00:00'),
(355, 219, 'Saturday', '06:00:00', '17:00:00'),
(356, 219, 'Sunday', '06:00:00', '17:00:00'),
(357, 221, 'Monday', '08:00:00', '18:00:00'),
(358, 221, 'Tuesday', '08:00:00', '18:00:00'),
(359, 221, 'Wednesday', '08:00:00', '18:00:00'),
(360, 221, 'Thursday', '08:00:00', '18:00:00'),
(361, 221, 'Friday', '08:00:00', '18:00:00'),
(362, 221, 'Saturday', '08:00:00', '18:00:00'),
(363, 221, 'Sunday', '08:00:00', '18:00:00'),
(364, 223, 'Monday', '06:00:00', '14:00:00'),
(365, 223, 'Tuesday', '06:00:00', '14:00:00'),
(366, 223, 'Wednesday', '06:00:00', '14:00:00'),
(367, 223, 'Thursday', '06:00:00', '14:00:00'),
(368, 223, 'Friday', '06:00:00', '14:00:00'),
(369, 223, 'Saturday', '06:00:00', '14:00:00'),
(370, 223, 'Sunday', '06:00:00', '14:00:00');

-- --------------------------------------------------------

--
-- Table structure for table `seasons`
--

CREATE TABLE `seasons` (
  `id` int(7) NOT NULL,
  `name` varchar(255) NOT NULL,
  `date_start` date DEFAULT NULL,
  `date_end` date DEFAULT NULL
) ENGINE=InnoDB DEFAULT CHARSET=utf8 COLLATE=utf8_general_ci;

--
-- Dumping data for table `seasons`
--

INSERT INTO `seasons` (`id`, `name`, `date_start`, `date_end`) VALUES
(1, 'ฤดูร้อน', '2024-02-15', '2024-05-15'),
(2, 'ฤดูฝน', '2024-05-15', '2024-10-15'),
(3, 'ฤดูหนาว', '2024-10-15', '2025-02-15'),
(4, 'ตลอดทั้งปี', '2024-01-01', '2024-12-31');

-- --------------------------------------------------------

--
-- Table structure for table `seasons_relation`
--

CREATE TABLE `seasons_relation` (
  `id` int(7) NOT NULL,
  `season_id` int(7) NOT NULL,
  `tourism_entities_id` int(7) NOT NULL
) ENGINE=InnoDB DEFAULT CHARSET=utf8 COLLATE=utf8_general_ci;

--
-- Dumping data for table `seasons_relation`
--

INSERT INTO `seasons_relation` (`id`, `season_id`, `tourism_entities_id`) VALUES
(3, 4, 17),
(4, 4, 18),
(6, 4, 20),
(9, 4, 27),
(13, 4, 29),
(14, 4, 30),
(17, 4, 28),
(22, 4, 51),
(25, 2, 59),
(27, 2, 61),
(31, 4, 67),
(32, 4, 68),
(33, 4, 32),
(34, 4, 77),
(36, 4, 79),
(38, 4, 78),
(39, 4, 90),
(44, 4, 102),
(47, 4, 112),
(48, 4, 113),
(49, 4, 120),
(50, 4, 121),
(51, 4, 122),
(54, 4, 131),
(69, 4, 19),
(95, 1, 28),
(96, 3, 28),
(97, 1, 27),
(98, 3, 27),
(129, 2, 16),
(130, 3, 16),
(131, 4, 16),
(154, 4, 195),
(155, 3, 195),
(156, 2, 195),
(157, 1, 195),
(158, 4, 196),
(159, 1, 197),
(160, 4, 198),
(163, 4, 201),
(166, 4, 216),
(167, 4, 217),
(169, 4, 219),
(171, 4, 221),
(172, 4, 222),
(173, 4, 223),
(174, 4, 224),
(175, 4, 225),
(176, 4, 226),
(177, 4, 227);

-- --------------------------------------------------------

--
-- Table structure for table `tourism_entities_images`
--

CREATE TABLE `tourism_entities_images` (
  `id` int(7) NOT NULL,
  `tourism_entities_id` int(7) NOT NULL,
  `image_path` varchar(255) DEFAULT NULL,
  `created_at` timestamp NOT NULL DEFAULT current_timestamp()
) ENGINE=InnoDB DEFAULT CHARSET=utf8 COLLATE=utf8_general_ci;

--
-- Dumping data for table `tourism_entities_images`
--

INSERT INTO `tourism_entities_images` (`id`, `tourism_entities_id`, `image_path`, `created_at`) VALUES
(468, 1, '1728136214148-51185df3d7f641f38e7f6be91b9b15a9.jpg', '2024-10-05 13:47:23'),
(469, 1, '1728136214143-0471943d06324b828c8914730c8bb7a4.jpg', '2024-10-05 13:47:23'),
(470, 1, '1728136214152-37d41c28e28a4f93b08a1435920c11f3.jpg', '2024-10-05 13:47:23'),
(471, 1, '1728136214132-5e9fbd2ca8244f058f50e580ff2f81e9.jpg', '2024-10-05 13:47:23'),
(472, 1, '1728136214156-070307c1f25b44d0bd1bc6359574b7da.jpg', '2024-10-05 13:47:23'),
(473, 2, '1728136379680-e6dbe0f50da24988b53d3aaeaa9bc9d3.jpg', '2024-10-05 13:50:08'),
(474, 2, '1728136379693-babd7b27101a48728b727081eb049cbf.jpg', '2024-10-05 13:50:08'),
(475, 2, '1728136379700-b87c757dfac2462aa2b6c4f393ac0f69.jpg', '2024-10-05 13:50:08'),
(476, 2, '1728136379686-e6aba1512c4a4d0fb0496d6eb6db802b.jpg', '2024-10-05 13:50:08'),
(477, 3, '1728137651199-6dbfcd0767f944e9bca688b605e7449a.jpg', '2024-10-05 14:11:20'),
(478, 3, '1728137651194-1bc2168fda5e4c6ab365abce4b954406.jpg', '2024-10-05 14:11:20'),
(479, 3, '1728137651173-911699b0903046cc9ec68b0c9970939d.jpg', '2024-10-05 14:11:20'),
(480, 3, '1728137651206-118e97a94dd84bd6b127e9b4bb725311.jpg', '2024-10-05 14:11:20'),
(481, 3, '1728137651189-6624cf9e9533410e8abc9acaf548ef1d.jpg', '2024-10-05 14:11:20'),
(482, 3, '1728137651209-bb995e3d2c0c4744a5e718fc559b4117.jpg', '2024-10-05 14:11:20'),
(483, 4, '1728138416965-60a5d4eff5444c1099011e6d7187ed1b.jpg', '2024-10-05 14:24:06'),
(484, 4, '1728138416974-468a21231c794e81b0bcdad6ac019c00.jpg', '2024-10-05 14:24:06'),
(485, 5, '1728138535726-828670c5156c404da5ecabf871ad5829.jpg', '2024-10-05 14:26:04'),
(486, 5, '1728138535713-6444480a61d14027b2b85208c820adc6.jpg', '2024-10-05 14:26:04'),
(487, 5, '1728138535732-c9bb4409296940aeb52469c4a4372f6c.jpg', '2024-10-05 14:26:04'),
(488, 5, '1728138535717-1d0d0180f35445f9854fd83992b6d80c.jpg', '2024-10-05 14:26:04'),
(489, 5, '1728138535733-c478c827d7bb422db7101a0ac2886da5.jpg', '2024-10-05 14:26:04'),
(490, 5, '1728138535723-052666f8d7ce43658246d81e720837c9.jpg', '2024-10-05 14:26:04'),
(491, 5, '1728138535708-9b128fef8dd34c978423d7b0c9b38439.jpg', '2024-10-05 14:26:04'),
(492, 6, '1728138740438-2196ea43e6364a94be7691b90827b3ec.jpg', '2024-10-05 14:29:29'),
(493, 6, '1728138740446-5e93753e209a4080a523b9e82df81afa.jpg', '2024-10-05 14:29:29'),
(494, 6, '1728138740443-c9e63f32716344fd87582e92e3dc45ba.jpg', '2024-10-05 14:29:29'),
(495, 6, '1728138740450-d258b6d1ff7242e5b6ba09a1d2a6ce60.jpg', '2024-10-05 14:29:29'),
(496, 7, '1728138948512-277578070_320975830100634_2466819781725515485_n.jpg', '2024-10-05 14:32:57'),
(497, 7, '1728138948514-277765025_320975806767303_5990255749509801027_n.jpg', '2024-10-05 14:32:57'),
(498, 7, '1728138948510-277680719_320975886767295_6150905942980533100_n.jpg', '2024-10-05 14:32:57'),
(499, 7, '1728138948517-458086886_1049972213799043_7752797240631519851_n.jpg', '2024-10-05 14:32:57'),
(500, 7, '1728138948508-277524031_320975863433964_1682156946094586923_n.jpg', '2024-10-05 14:32:57'),
(501, 7, '1728138948516-277668884_320975796767304_7904923451722412552_n.jpg', '2024-10-05 14:32:57'),
(502, 8, '1728139110817-8c6a271af64f46af9082935c167360a2.png', '2024-10-05 14:35:39'),
(503, 8, '1728139110831-5601ca152d564c30aae14c3a2c5a849e.jpg', '2024-10-05 14:35:39'),
(504, 8, '1728139110823-24612de2a5884ffcb52eefe7d1b341b2.png', '2024-10-05 14:35:39'),
(505, 8, '1728139110825-1ba132692d7f4c7ba4d0bdf77b6eea7a.jpg', '2024-10-05 14:35:39'),
(506, 8, '1728139110821-809be91dee724851aec4541e3ad90b34.png', '2024-10-05 14:35:39'),
(507, 10, '1728139535119-308623545_603424041478010_461626199914511816_n.jpg', '2024-10-05 14:42:44'),
(508, 10, '1728139535125-336183430_681660673765592_6617366532170795751_n.jpg', '2024-10-05 14:42:44'),
(509, 10, '1728139535132-335715042_3564717243802999_499425805855427398_n.jpg', '2024-10-05 14:42:44'),
(510, 10, '1728139535138-335704188_3377133122555246_6505915024201194469_n.jpg', '2024-10-05 14:42:44'),
(511, 10, '1728139535143-438304616_944619364025141_7725262764315026469_n.jpg', '2024-10-05 14:42:44'),
(512, 10, '1728139535146-451984061_985116619975415_1076954005887060807_n.jpg', '2024-10-05 14:42:44'),
(513, 10, '1728139535152-457688482_1013317097155367_5940446713974169470_n.jpg', '2024-10-05 14:42:44'),
(514, 11, '1728139651448-2024-01-31 (2).jpg', '2024-10-05 14:44:40'),
(515, 11, '1728139651450-2024-01-31 (1).jpg', '2024-10-05 14:44:40'),
(516, 11, '1728139651453-2024-01-31 (1).png', '2024-10-05 14:44:40'),
(517, 11, '1728139651440-2024-01-31 (5).jpg', '2024-10-05 14:44:40'),
(518, 11, '1728139651444-2024-01-31 (4).jpg', '2024-10-05 14:44:40'),
(519, 11, '1728139651445-2024-01-31 (3).jpg', '2024-10-05 14:44:40'),
(520, 11, '1728139651466-2024-01-31.jpg', '2024-10-05 14:44:40'),
(521, 11, '1728139651461-2024-01-31.png', '2024-10-05 14:44:40'),
(522, 12, '1728139722951-S 002.JPG', '2024-10-05 14:45:51'),
(523, 12, '1728139722949-7.jpg', '2024-10-05 14:45:51'),
(524, 12, '1728139722946-DSC_04177.JPG', '2024-10-05 14:45:51'),
(525, 12, '1728139722954-DSC_04199.JPG', '2024-10-05 14:45:51'),
(526, 12, '1728139722958-DSC_03944.JPG', '2024-10-05 14:45:51'),
(527, 12, '1728139722956-DSC_04155.JPG', '2024-10-05 14:45:51'),
(528, 13, '1728139801142-2023-10-16.jpg', '2024-10-05 14:47:10'),
(529, 13, '1728139801144-2022-06-21.jpg', '2024-10-05 14:47:10'),
(530, 13, '1728139801139-2022-06-21 (1).jpg', '2024-10-05 14:47:10'),
(531, 13, '1728139801137-2020-10-14.jpg', '2024-10-05 14:47:10'),
(532, 13, '1728139801140-2022-11-19.jpg', '2024-10-05 14:47:10'),
(533, 13, '1728139801134-2020-10-14 (1).jpg', '2024-10-05 14:47:10'),
(534, 14, '1728139869982-20230605_064707.jpg', '2024-10-05 14:48:19'),
(535, 14, '1728139869980-IMG_20231206_071839.jpg', '2024-10-05 14:48:19'),
(536, 14, '1728139869985-IMG20211115055311.jpg', '2024-10-05 14:48:19'),
(537, 14, '1728139869990-IMG20231014141756.jpg', '2024-10-05 14:48:19'),
(538, 14, '1728139869987-IMG_20231206_075149.jpg', '2024-10-05 14:48:19'),
(539, 14, '1728139869984-2023-03-14.jpg', '2024-10-05 14:48:19'),
(540, 14, '1728139869976-IMG20220827064711.jpg', '2024-10-05 14:48:19'),
(541, 14, '1728139869989-2022-11-06.jpg', '2024-10-05 14:48:19'),
(542, 14, '1728139869992-IMG20220827064617.jpg', '2024-10-05 14:48:19'),
(543, 14, '1728139869996-2022-01-19.jpg', '2024-10-05 14:48:19'),
(544, 15, '1728139959706-50097_large_202201261515324.jpeg', '2024-10-05 14:49:48'),
(545, 15, '1728139959706-50097_large_202201261515531.jpeg', '2024-10-05 14:49:48'),
(546, 15, '1728139959707-50097_large_202201261515321.jpeg', '2024-10-05 14:49:48'),
(547, 15, '1728139959706-50097_large_202201261515323.jpg', '2024-10-05 14:49:48'),
(548, 15, '1728139959706-50097_large_202201261515520.jpeg', '2024-10-05 14:49:48'),
(549, 15, '1728139959707-50097_large_202201261515320.jpeg', '2024-10-05 14:49:48'),
(550, 15, '1728139959707-50097_large_202201261515322.jpg', '2024-10-05 14:49:48'),
(551, 15, '1728139959707-bimg_20220126151517.jpg', '2024-10-05 14:49:48'),
(552, 16, '1728140075976-IMG_6423.jpg', '2024-10-05 14:51:44'),
(553, 16, '1728140075980-1615174919-8082-th.jpeg', '2024-10-05 14:51:44'),
(554, 16, '1728140075979-WYMU2502.jpg', '2024-10-05 14:51:44'),
(555, 16, '1728140075974-1615174920-0786-th.jpeg', '2024-10-05 14:51:44'),
(556, 17, '1728140146141-e194330d636743d9981223b9aa752f78.jpg', '2024-10-05 14:52:55'),
(557, 17, '1728140146139-b6030df221cd4c3dab8dbcdc6eb160b2.jpg', '2024-10-05 14:52:55'),
(558, 17, '1728140146134-c37d242ad9844b269387f06281356207.jpg', '2024-10-05 14:52:55'),
(559, 17, '1728140146137-213554a9778a4392a1eddfb37552973f.jpg', '2024-10-05 14:52:55'),
(560, 17, '1728140146143-64cbe59620b24bfe946dba19da58c12e.jpg', '2024-10-05 14:52:55'),
(561, 18, '1728140217560-2019-11-29.jpg', '2024-10-05 14:54:06'),
(562, 18, '1728140217568-2022-12-24.jpg', '2024-10-05 14:54:06'),
(563, 18, '1728140217571-20220620_183831.jpg', '2024-10-05 14:54:06'),
(564, 18, '1728140217567-2022-07-23.jpg', '2024-10-05 14:54:06'),
(565, 18, '1728140217577-2023-03-11.jpg', '2024-10-05 14:54:06'),
(566, 18, '1728140217581-20220624_093720.jpg', '2024-10-05 14:54:06'),
(567, 18, '1728140217565-2022-08-19.jpg', '2024-10-05 14:54:06'),
(568, 18, '1728140217574-2022-04-16.jpg', '2024-10-05 14:54:06'),
(569, 18, '1728140217564-20230404_170258.jpg', '2024-10-05 14:54:06'),
(574, 20, '1728143271043-2019-03-03 (2).jpg', '2024-10-05 15:44:59'),
(575, 20, '1728143271053-2019-03-03.jpg', '2024-10-05 15:44:59'),
(576, 20, '1728143271049-2019-03-03 (1).jpg', '2024-10-05 15:44:59'),
(577, 23, '1728143540976-2020-07-22.jpg', '2024-10-05 15:49:29'),
(578, 23, '1728143540980-2024-02-01 (1).jpg', '2024-10-05 15:49:29'),
(579, 23, '1728143540998-2024-02-01.jpg', '2024-10-05 15:49:29'),
(580, 23, '1728143540992-2021-12-05.jpg', '2024-10-05 15:49:29'),
(581, 23, '1728143540987-7E1FF6B9-459B-4F68-99E8-697AF2B90851.jpeg', '2024-10-05 15:49:29'),
(582, 23, '1728143540996-2021-12-15.jpg', '2024-10-05 15:49:29'),
(583, 24, '1728143690651-2023-06-28.jpg', '2024-10-05 15:51:59'),
(584, 24, '1728143690646-2023-03-15.jpg', '2024-10-05 15:51:59'),
(585, 24, '1728143690642-20221211_122701.jpg', '2024-10-05 15:51:59'),
(586, 24, '1728143690648-2022-02-14.jpg', '2024-10-05 15:51:59'),
(587, 24, '1728143690653-20221211_122715.jpg', '2024-10-05 15:51:59'),
(588, 24, '1728143690638-2022-01-09.jpg', '2024-10-05 15:51:59'),
(589, 24, '1728143690643-2023-06-28 (1).jpg', '2024-10-05 15:51:59'),
(590, 24, '1728143690654-2017-12-19.jpg', '2024-10-05 15:51:59'),
(591, 24, '1728143690656-2022-04-19.jpg', '2024-10-05 15:52:00'),
(592, 25, '1728143811365-0c2a28b904be459ca67d87fe85b851a3.jpg', '2024-10-05 15:54:00'),
(593, 25, '1728143811377-4d9740743d2946cabfca94d2719288d9.jpg', '2024-10-05 15:54:00'),
(594, 25, '1728143811371-ef4eafd8192d49e7965499b1c6235d5d.jpg', '2024-10-05 15:54:00'),
(595, 25, '1728143811374-c6a5a638c8e34293800f362347bf0cae.jpg', '2024-10-05 15:54:00'),
(596, 25, '1728143811386-e619a887bfdc4405bac1b3cfbb6207ff.jpg', '2024-10-05 15:54:00'),
(597, 25, '1728143811383-d831a0e1bc74400a89e3bb7b622d874c.jpg', '2024-10-05 15:54:00'),
(598, 25, '1728143811380-f0fb9f4d9c5e420dbecd1780917d0b32.jpg', '2024-10-05 15:54:00'),
(599, 26, '1728143920782-unnamed (3).jpg', '2024-10-05 15:55:49'),
(600, 26, '1728143920784-2020-07-03 (3).jpg', '2024-10-05 15:55:49'),
(601, 26, '1728143920778-unnamed (4).jpg', '2024-10-05 15:55:49'),
(602, 26, '1728143920785-unnamed (2).jpg', '2024-10-05 15:55:49'),
(603, 26, '1728143920791-unnamed.jpg', '2024-10-05 15:55:49'),
(604, 26, '1728143920787-2020-07-03 (2).jpg', '2024-10-05 15:55:49'),
(605, 26, '1728143920795-2020-07-03.jpg', '2024-10-05 15:55:49'),
(606, 26, '1728143920794-2020-07-03 (1).jpg', '2024-10-05 15:55:49'),
(607, 26, '1728143920789-unnamed (1).jpg', '2024-10-05 15:55:49'),
(608, 26, '1728143920797-20220821_112436.jpg', '2024-10-05 15:55:49'),
(610, 19, '1728144031341-unnamed.jpg', '2024-10-05 15:57:41'),
(611, 27, '1728197221446-2022-10-25 (1).jpg', '2024-10-06 06:44:09'),
(612, 27, '1728197221438-2022-01-29.jpg', '2024-10-06 06:44:09'),
(613, 27, '1728197221450-2022-10-25.jpg', '2024-10-06 06:44:09'),
(614, 27, '1728197221453-2024-05-12.jpg', '2024-10-06 06:44:09'),
(615, 27, '1728197221458-2022-06-05.jpg', '2024-10-06 06:44:09'),
(616, 27, '1728197221465-20220621_130142.jpg', '2024-10-06 06:44:09'),
(617, 27, '1728197221457-IMG_25650930_142735.jpg', '2024-10-06 06:44:09'),
(618, 27, '1728197221462-20220515_121643.jpg', '2024-10-06 06:44:09'),
(621, 28, '1728197668725-30e39960-f335-11ea-9195-0f31c3c8e16c_original.jpg', '2024-10-06 06:51:36'),
(622, 28, '1728197668732-Image-1.jpg', '2024-10-06 06:51:36'),
(623, 28, '1728197668730-b9b33580-f334-11ea-9195-0f31c3c8e16c_original.jpg', '2024-10-06 06:51:36'),
(624, 28, '1728197668726-1449f970-f335-11ea-b369-edee981b0720_original.jpg', '2024-10-06 06:51:36'),
(625, 28, '1728197668729-dfc09290-f334-11ea-919b-73dfd7644b88_original.jpg', '2024-10-06 06:51:36'),
(626, 29, '1728197845990-18167701_RJ-ZXChzyBB5BfXp8QQCdH1QF7ZtgLxsX2RADGZGUt8.jpg', '2024-10-06 06:54:33'),
(627, 29, '1728197845991-caption.jpg', '2024-10-06 06:54:33'),
(628, 30, '1728546877615-IMG_20211220_083247.jpg', '2024-10-10 07:51:41'),
(629, 30, '1728546877606-2022-11-28.jpg', '2024-10-10 07:51:41'),
(630, 30, '1728546877622-2023-05-04.jpg', '2024-10-10 07:51:41'),
(631, 30, '1728546877619-2019-10-28.jpg', '2024-10-10 07:51:41'),
(632, 122, '1728547019137-IMG_20211220_083247.jpg', '2024-10-10 07:54:02'),
(633, 122, '1728547019111-2022-11-28.jpg', '2024-10-10 07:54:02'),
(634, 122, '1728547019155-2023-05-04.jpg', '2024-10-10 07:54:02'),
(635, 122, '1728547019146-2019-10-28.jpg', '2024-10-10 07:54:02'),
(639, 32, '1728554850458-2024-08-09.jpg', '2024-10-10 10:04:34'),
(640, 32, '1728554850460-2020-01-25.jpg', '2024-10-10 10:04:34'),
(641, 32, '1728554850459-2023-06-26.jpg', '2024-10-10 10:04:34'),
(642, 33, '1728555014273-2023-03-11.jpg', '2024-10-10 10:07:17'),
(643, 33, '1728555014271-IMG_0354.jpg', '2024-10-10 10:07:17'),
(644, 33, '1728555014268-IMG_20211030_070257.jpg', '2024-10-10 10:07:17'),
(645, 33, '1728555014281-IMG_20210403_145134.jpg', '2024-10-10 10:07:17'),
(646, 33, '1728555014283-2021-04-06.jpg', '2024-10-10 10:07:17'),
(647, 33, '1728555014275-IMG_25650617_170433.JPG', '2024-10-10 10:07:17'),
(648, 33, '1728555014279-2022-02-15.jpg', '2024-10-10 10:07:17'),
(649, 33, '1728555014283-2022-03-13.jpg', '2024-10-10 10:07:17'),
(650, 35, '1728567731267-2022-12-04 (2).jpg', '2024-10-10 13:39:15'),
(651, 35, '1728567731285-2021-05-15.jpg', '2024-10-10 13:39:15'),
(652, 35, '1728567731288-à¸«à¹à¸­à¸à¸à¸­à¸2.jpg', '2024-10-10 13:39:15'),
(653, 35, '1728567731281-70277915_1264091170432701_6345066091026317312_n.jpg', '2024-10-10 13:39:15'),
(654, 35, '1728567731290-2022-12-04.jpg', '2024-10-10 13:39:15'),
(655, 35, '1728567731278-2022-12-04 (1).jpg', '2024-10-10 13:39:15'),
(656, 35, '1728567731276-à¸à¸£à¸£à¸¢à¸²à¸à¸²à¸¨2.jpg', '2024-10-10 13:39:15'),
(657, 35, '1728567731283-River side 1.jpg', '2024-10-10 13:39:15'),
(658, 37, '1728567995464-Fortune River View nakhonphanom_2048x1536_IMG_3414.JPG', '2024-10-10 13:43:39'),
(659, 37, '1728567995468-Fortune River View nakhonphanom_2048x1536_1.jpg', '2024-10-10 13:43:39'),
(660, 37, '1728567995465-Fortune River View Nthee Thong 2048x1536_res-4-.jpg', '2024-10-10 13:43:39'),
(661, 37, '1728567995473-Fortune River  2048x1536_471A9714-.JPG', '2024-10-10 13:43:39'),
(662, 37, '1728567995474-Fortune River View akhonphanom_2048x1536_.jpg', '2024-10-10 13:43:39'),
(663, 37, '1728567995472-Fortune River  2048x1536_Pano7..jpg', '2024-10-10 13:43:39'),
(664, 37, '1728567995469-Fortune River View akhonphanom_2048x1536_236726DDD.jpg', '2024-10-10 13:43:39'),
(665, 38, '1728568128675-unnamed (1).jpg', '2024-10-10 13:45:52'),
(666, 38, '1728568128667-2017-11-23.jpg', '2024-10-10 13:45:52'),
(667, 38, '1728568128671-2017-01-12.jpg', '2024-10-10 13:45:52'),
(668, 38, '1728568128675-unnamed (2).jpg', '2024-10-10 13:45:52'),
(669, 38, '1728568128676-1657604900042.jpg', '2024-10-10 13:45:52'),
(670, 38, '1728568128673-IMG_20191018_002633.jpg', '2024-10-10 13:45:52'),
(671, 38, '1728568128677-unnamed.jpg', '2024-10-10 13:45:52'),
(672, 39, '1728568328903-2023-07-29.jpg', '2024-10-10 13:49:12'),
(673, 39, '1728568328913-2024-09-26.jpg', '2024-10-10 13:49:12'),
(674, 39, '1728568328915-IMG20231021171820.jpg', '2024-10-10 13:49:12'),
(675, 39, '1728568328906-2022-05-20.jpg', '2024-10-10 13:49:12'),
(676, 39, '1728568328909-2024-08-16.jpg', '2024-10-10 13:49:12'),
(677, 39, '1728568328911-IMG_20231111_144053.jpg', '2024-10-10 13:49:12'),
(678, 42, '1728568580650-2024-09-29 (2).jpg', '2024-10-10 13:53:24'),
(679, 42, '1728568580652-2024-09-29 (1).jpg', '2024-10-10 13:53:24'),
(680, 42, '1728568580646-2024-09-29 (3).jpg', '2024-10-10 13:53:24'),
(681, 42, '1728568580654-2024-06-01.jpg', '2024-10-10 13:53:24'),
(682, 42, '1728568580643-452146549_122161559174128324_401238876646941148_n.jpg', '2024-10-10 13:53:24'),
(683, 42, '1728568580649-2024-02-07.jpg', '2024-10-10 13:53:24'),
(684, 42, '1728568580656-2024-09-29.jpg', '2024-10-10 13:53:25'),
(685, 51, '1728568931788-2023-09-23 (2).jpg', '2024-10-10 13:59:15'),
(686, 51, '1728568931791-IMG_5332.JPG', '2024-10-10 13:59:15'),
(687, 51, '1728568931794-2023-09-23 (1).jpg', '2024-10-10 13:59:15'),
(688, 51, '1728568931798-2023-09-23.jpg', '2024-10-10 13:59:15'),
(689, 51, '1728568931795-2023-04-24 (1).jpg', '2024-10-10 13:59:15'),
(690, 51, '1728568931800-2022-10-25.jpg', '2024-10-10 13:59:15'),
(691, 51, '1728568931803-2023-04-24.jpg', '2024-10-10 13:59:16'),
(692, 51, '1728568931804-2021-10-27.jpg', '2024-10-10 13:59:16'),
(693, 51, '1728568931807-2023-04-13.jpg', '2024-10-10 13:59:16'),
(694, 43, '1728570375106-Screenshot 2024-10-10 152239.png', '2024-10-10 14:23:10'),
(695, 43, '1728570375116-Screenshot 2024-10-10 152259.png', '2024-10-10 14:23:10'),
(696, 43, '1728570375127-T.1.jpg', '2024-10-10 14:23:10'),
(697, 113, '1728570727311-201801254ee9362fd8f457775d444461cb32c800143221.jpg', '2024-10-10 14:29:11'),
(698, 113, '1728570727326-010.jpg', '2024-10-10 14:29:11'),
(699, 113, '1728570727334-20180125d41d8cd98f00b204e9800998ecf8427e143035.jpg', '2024-10-10 14:29:11'),
(700, 118, '1728570812599-2024-01-31.jpg', '2024-10-10 14:30:36'),
(701, 118, '1728570812593-2023-05-19.jpg', '2024-10-10 14:30:36'),
(702, 118, '1728570812601-2021-12-25.jpg', '2024-10-10 14:30:36'),
(703, 118, '1728570812605-2017-04-14.jpg', '2024-10-10 14:30:36'),
(704, 97, '1728570991812-2023-01-02 (1).jpg', '2024-10-10 14:33:35'),
(705, 97, '1728570991822-2020-03-10.jpg', '2024-10-10 14:33:35'),
(706, 97, '1728570991815-2020-03-10 (1).jpg', '2024-10-10 14:33:35'),
(707, 97, '1728570991804-2020-03-10 (2).jpg', '2024-10-10 14:33:35'),
(708, 97, '1728570991826-2023-01-02.jpg', '2024-10-10 14:33:36'),
(709, 69, '1728571514829-20180121_172102.jpg', '2024-10-10 14:42:18'),
(710, 69, '1728571514825-20200906_162940.jpg', '2024-10-10 14:42:18'),
(711, 69, '1728571514831-IMG_20220129_130005.jpg', '2024-10-10 14:42:18'),
(712, 48, '1728571615603-02f991bb62cc4aacad3f4b1c4d11ffdf.jpg', '2024-10-10 14:43:51'),
(713, 48, '1728571615613-51a8431279ee48f7a5f63db97bc7245f.jpg', '2024-10-10 14:43:51'),
(714, 48, '1728571615617-84bbf78b6f8f483e880f4a749b5aa8f6.jpg', '2024-10-10 14:43:51'),
(715, 48, '1728571615623-a1b03a9432de4828831eb5190b520c62.jpg', '2024-10-10 14:43:51'),
(716, 48, '1728571615630-P01000283_1.jpg', '2024-10-10 14:43:51'),
(717, 48, '1728571615604-46b72d69d2cc4bd9a4924c4de301598b.jpg', '2024-10-10 14:43:51'),
(718, 82, '1728571623780-IMG_20231201_134520.jpg', '2024-10-10 14:44:07'),
(719, 82, '1728571623776-20221025_143428.jpg', '2024-10-10 14:44:07'),
(720, 82, '1728571623783-20180412_111741-EFFECTS.jpg', '2024-10-10 14:44:07'),
(721, 82, '1728571623794-2020-06-11.jpg', '2024-10-10 14:44:08'),
(722, 82, '1728571623786-2023-07-01.jpg', '2024-10-10 14:44:08'),
(723, 82, '1728571623789-2024-02-24.jpg', '2024-10-10 14:44:08'),
(724, 141, '1728571941790-2017-07-17.jpg', '2024-10-10 14:49:25'),
(725, 141, '1728571941786-2017-07-17 (1).jpg', '2024-10-10 14:49:25'),
(726, 141, '1728571941792-2017-01-22.jpg', '2024-10-10 14:49:25'),
(786, 68, '1728576449388-20-30-15-300.jpg', '2024-10-10 16:04:25'),
(787, 68, '1728576449395-56ec3166-6b46-43f9-981c-ef5b2e5c1071.jpg', '2024-10-10 16:04:25'),
(788, 68, '1728576449398-64bab028ee710264685dde7a_800x0xcover_Oluyw3up.jpg', '2024-10-10 16:04:25'),
(789, 68, '1728576449400-40617b67-a13a-4a50-8ef9-0d91caa94dab.jpg', '2024-10-10 16:04:25'),
(790, 68, '1728576449402-281036470_154600290397630_4990440140010307285_n.jpg', '2024-10-10 16:04:25'),
(791, 68, '1728576449405-564000011722511.jpg', '2024-10-10 16:04:25'),
(792, 68, '1728576449411-ahr0chm6ly9zlmlzyw5vb2suy29tl.jpg', '2024-10-10 16:04:25'),
(844, 72, '1728624568946-2024-07-30 (8).jpg', '2024-10-11 05:26:32'),
(845, 72, '1728624568955-2024-07-30 (7).jpg', '2024-10-11 05:26:32'),
(846, 72, '1728624568960-2024-07-30 (6).jpg', '2024-10-11 05:26:32'),
(847, 72, '1728624568970-2024-07-30 (4).jpg', '2024-10-11 05:26:32'),
(848, 72, '1728624568976-2024-07-30 (2).jpg', '2024-10-11 05:26:32'),
(849, 72, '1728624568974-2024-07-30 (3).jpg', '2024-10-11 05:26:32'),
(850, 72, '1728624568965-2024-07-30 (5).jpg', '2024-10-11 05:26:32'),
(851, 72, '1728624568978-2024-07-30 (1).jpg', '2024-10-11 05:26:32'),
(852, 72, '1728624568983-2024-07-30.jpg', '2024-10-11 05:26:33'),
(853, 73, '1728624789101-2023-07-14.jpg', '2024-10-11 05:30:13'),
(854, 73, '1728624789098-2023-07-14 (1).jpg', '2024-10-11 05:30:13'),
(855, 73, '1728624789088-2023-06-14.jpg', '2024-10-11 05:30:13'),
(856, 73, '1728624789110-2023-06-13 (1).jpg', '2024-10-11 05:30:13'),
(857, 73, '1728624789106-2023-06-13 (2).jpg', '2024-10-11 05:30:13'),
(858, 73, '1728624789095-2023-06-13 (4).jpg', '2024-10-11 05:30:13'),
(859, 73, '1728624789114-2023-06-13.jpg', '2024-10-11 05:30:13'),
(860, 73, '1728624789103-2023-06-13 (3).jpg', '2024-10-11 05:30:13'),
(861, 73, '1728624789113-2024-05-24.jpg', '2024-10-11 05:30:13'),
(862, 83, '1728624930504-2020-07-19 (1).jpg', '2024-10-11 05:32:34'),
(863, 83, '1728624930506-2021-05-04.jpg', '2024-10-11 05:32:34'),
(864, 83, '1728624930502-2020-09-29.jpg', '2024-10-11 05:32:34'),
(865, 83, '1728624930497-2020-07-19 (2).jpg', '2024-10-11 05:32:34'),
(866, 83, '1728624930509-2020-07-19.jpg', '2024-10-11 05:32:34'),
(867, 83, '1728624930511-download.jpg', '2024-10-11 05:32:34'),
(868, 83, '1728624930507-2021-01-25.jpg', '2024-10-11 05:32:34'),
(869, 84, '1728625088815-unnamed (1).jpg', '2024-10-11 05:35:14'),
(870, 84, '1728625088808-unnamed (3).jpg', '2024-10-11 05:35:14'),
(871, 84, '1728625088813-unnamed (2).jpg', '2024-10-11 05:35:14'),
(872, 84, '1728625088817-20211020_174027.jpg', '2024-10-11 05:35:14'),
(873, 84, '1728625088816-DSC_7561.jpg', '2024-10-11 05:35:14'),
(874, 84, '1728625088818-unnamed.jpg', '2024-10-11 05:35:14'),
(875, 85, '1728625220420-2023-07-29 (2).jpg', '2024-10-11 05:37:24'),
(876, 85, '1728625220426-2023-05-09 (1).jpg', '2024-10-11 05:37:24'),
(877, 85, '1728625220427-2024-07-15.jpg', '2024-10-11 05:37:24'),
(878, 85, '1728625220428-2023-05-09.jpg', '2024-10-11 05:37:24'),
(879, 85, '1728625220419-2024-06-05.jpg', '2024-10-11 05:37:24'),
(880, 85, '1728625220424-2023-07-29 (1).jpg', '2024-10-11 05:37:24'),
(881, 85, '1728625220425-2023-07-29.jpg', '2024-10-11 05:37:24'),
(882, 93, '1728625322600-2024-04-28.jpg', '2024-10-11 05:39:06'),
(883, 93, '1728625322601-download.jpg', '2024-10-11 05:39:06'),
(884, 93, '1728625322595-139873.jpg', '2024-10-11 05:39:06'),
(885, 93, '1728625322595-139866.jpg', '2024-10-11 05:39:06'),
(886, 93, '1728625322595-2024-03-13.jpg', '2024-10-11 05:39:06'),
(887, 94, '1728625417660-2023-05-03.jpg', '2024-10-11 05:40:41'),
(888, 94, '1728625417652-2023-02-22 (2).jpg', '2024-10-11 05:40:41'),
(889, 94, '1728625417659-2024-06-20.jpg', '2024-10-11 05:40:41'),
(890, 94, '1728625417662-2023-02-22 (1).jpg', '2024-10-11 05:40:41'),
(891, 94, '1728625417664-2023-02-22.jpg', '2024-10-11 05:40:41'),
(892, 94, '1728625417658-2023-12-06.jpg', '2024-10-11 05:40:41'),
(893, 95, '1728625488390-2023-06-15 (2).jpg', '2024-10-11 05:41:52'),
(894, 95, '1728625488394-2023-06-15.jpg', '2024-10-11 05:41:52'),
(895, 95, '1728625488387-2024-04-05.jpg', '2024-10-11 05:41:52'),
(896, 95, '1728625488393-2023-06-15 (1).jpg', '2024-10-11 05:41:52'),
(897, 104, '1728625569707-IMG20190901164911.jpg', '2024-10-11 05:43:13'),
(898, 104, '1728625569700-IMG20190901164944.jpg', '2024-10-11 05:43:13'),
(899, 104, '1728625569704-2018-01-09 (1).jpg', '2024-10-11 05:43:13'),
(900, 104, '1728625569709-2018-01-09.jpg', '2024-10-11 05:43:13'),
(901, 104, '1728625569715-6DE78F7A-C4AC-4E0A-A2E4-29376A859AE2.jpeg', '2024-10-11 05:43:13'),
(902, 104, '1728625569715-IMG20190901164824.jpg', '2024-10-11 05:43:13'),
(903, 105, '1728625627591-2019-12-24 (1).jpg', '2024-10-11 05:44:11'),
(904, 105, '1728625627598-2019-12-24.jpg', '2024-10-11 05:44:11'),
(905, 114, '1728625796092-unnamed (2).jpg', '2024-10-11 05:46:59'),
(906, 114, '1728625796086-2021-12-07.jpg', '2024-10-11 05:46:59'),
(907, 114, '1728625796102-2020-09-05.png', '2024-10-11 05:46:59'),
(908, 114, '1728625796096-unnamed.jpg', '2024-10-11 05:46:59'),
(909, 114, '1728625796099-2020-09-05.jpg', '2024-10-11 05:46:59'),
(910, 114, '1728625796094-2020-09-05 (1).jpg', '2024-10-11 05:46:59'),
(911, 114, '1728625796096-unnamed (1).jpg', '2024-10-11 05:46:59'),
(912, 115, '1728625904558-unnamed (3).jpg', '2024-10-11 05:48:48'),
(913, 115, '1728625904566-unnamed (1).jpg', '2024-10-11 05:48:48'),
(914, 115, '1728625904568-unnamed.jpg', '2024-10-11 05:48:48'),
(915, 115, '1728625904563-unnamed (2).jpg', '2024-10-11 05:48:48'),
(916, 115, '1728625904569-2020-07-11.jpg', '2024-10-11 05:48:48'),
(917, 115, '1728625904565-2020-07-11 (2).jpg', '2024-10-11 05:48:48'),
(918, 115, '1728625904567-2020-07-11 (1).jpg', '2024-10-11 05:48:48'),
(919, 123, '1728626012607-2017-09-20 (2).jpg', '2024-10-11 05:50:36'),
(920, 123, '1728626012612-20210421_124840.jpg', '2024-10-11 05:50:36'),
(921, 123, '1728626012616-2017-09-20.jpg', '2024-10-11 05:50:36'),
(922, 123, '1728626012607-2017-09-20 (1).jpg', '2024-10-11 05:50:36'),
(923, 123, '1728626012614-2018-10-05.jpg', '2024-10-11 05:50:36'),
(924, 124, '1728626125263-2024-05-21 (3).jpg', '2024-10-11 05:52:29'),
(925, 124, '1728626125267-2024-05-21 (2).jpg', '2024-10-11 05:52:29'),
(926, 124, '1728626125274-2024-05-21.jpg', '2024-10-11 05:52:29'),
(927, 124, '1728626125270-2024-05-21 (1).jpg', '2024-10-11 05:52:29'),
(928, 124, '1728626125265-2023-11-06 (1).jpg', '2024-10-11 05:52:29'),
(929, 124, '1728626125257-2024-05-21 (4).jpg', '2024-10-11 05:52:29'),
(930, 124, '1728626125285-2018-09-20.jpg', '2024-10-11 05:52:29'),
(931, 124, '1728626125290-2023-11-06.jpg', '2024-10-11 05:52:29'),
(932, 125, '1728626189931-14369950_100379180424708_2321978293512981431_n.jpg', '2024-10-11 05:53:33'),
(933, 125, '1728626189938-14322789_100379193758040_3111342075629214136_n.jpg', '2024-10-11 05:53:33'),
(934, 125, '1728626189930-14292378_100379217091371_7493005819490542802_n.jpg', '2024-10-11 05:53:33'),
(935, 125, '1728626189931-14333190_100379133758046_8581351165640866901_n.jpg', '2024-10-11 05:53:33'),
(936, 125, '1728626189939-download.jpg', '2024-10-11 05:53:33'),
(937, 59, '1728626472851-217698a24f3a41a0a2780eda9e6a110f.jpg', '2024-10-11 05:58:17'),
(938, 59, '1728626472902-690e885f50f9460190284d90d9f176eb.jpg', '2024-10-11 05:58:17'),
(939, 59, '1728626473017-3cc5bedc1c6a4e41a41539bfb443a5ac.jpg', '2024-10-11 05:58:17'),
(940, 59, '1728626472881-a2d3d07a7b6442f988365b241def4948.jpg', '2024-10-11 05:58:17'),
(941, 59, '1728626472938-892e0f67256046f3b492d64fb19cd1c0.jpg', '2024-10-11 05:58:17'),
(942, 61, '1728626799009-you04p1-9.jpg', '2024-10-11 06:03:42'),
(943, 61, '1728626799010-20-30-15-300.jpg', '2024-10-11 06:03:42'),
(944, 61, '1728626799013-Screenshot-2023-02-02-230926.jpg', '2024-10-11 06:03:42'),
(945, 61, '1728626799004-18900034.jpg', '2024-10-11 06:03:42'),
(946, 61, '1728626799014-cover-nakee-cave-1.jpg', '2024-10-11 06:03:42'),
(947, 67, '1728626919661-275422620_7139465829458769_3500394526178639020_n-1024x683.jpg', '2024-10-11 06:05:43'),
(948, 67, '1728626919656-caption.jpg', '2024-10-11 06:05:43'),
(949, 67, '1728626919660-mananewsonline-2021-12-07_06-03-27_820928.jpeg', '2024-10-11 06:05:43'),
(950, 70, '1728627017276-2024-05-18 (2).jpg', '2024-10-11 06:07:20'),
(951, 70, '1728627017267-2023-06-29 (1).jpg', '2024-10-11 06:07:20'),
(952, 70, '1728627017283-2024-05-18 (1).jpg', '2024-10-11 06:07:20'),
(953, 70, '1728627017286-2024-05-18.jpg', '2024-10-11 06:07:20'),
(954, 70, '1728627017293-2022-12-30.jpg', '2024-10-11 06:07:20'),
(955, 70, '1728627017274-2023-06-29.jpg', '2024-10-11 06:07:20'),
(956, 70, '1728627017280-2023-09-10.jpg', '2024-10-11 06:07:20'),
(957, 70, '1728627017290-2022-10-29.jpg', '2024-10-11 06:07:20'),
(958, 70, '1728627017288-2024-09-12.jpg', '2024-10-11 06:07:20'),
(959, 80, '1728627150484-2024-08-24.jpg', '2024-10-11 06:09:34'),
(960, 80, '1728627150491-2024-06-03.jpg', '2024-10-11 06:09:34'),
(961, 80, '1728627150487-2024-05-13 (1).jpg', '2024-10-11 06:09:34'),
(962, 80, '1728627150479-2024-08-24 (1).jpg', '2024-10-11 06:09:34'),
(963, 80, '1728627150499-2024-09-25.jpg', '2024-10-11 06:09:34'),
(964, 80, '1728627150494-2024-05-18.jpg', '2024-10-11 06:09:34'),
(965, 80, '1728627150501-2024-05-13.jpg', '2024-10-11 06:09:34'),
(966, 80, '1728627150489-2024-09-16.jpg', '2024-10-11 06:09:34'),
(967, 131, '1728627389943-IMG_20231222_112121.jpg', '2024-10-11 06:13:33'),
(968, 131, '1728627389944-2022-07-31 (1).jpg', '2024-10-11 06:13:33'),
(969, 131, '1728627389943-2022-09-29.jpg', '2024-10-11 06:13:33'),
(970, 131, '1728627389953-PXL_20220925_040340125.jpg', '2024-10-11 06:13:33'),
(971, 131, '1728627389949-2022-07-31.jpg', '2024-10-11 06:13:33'),
(972, 131, '1728627389951-IMG20211113111521.jpg', '2024-10-11 06:13:33'),
(973, 131, '1728627389951-IMG20211113110316.jpg', '2024-10-11 06:13:33'),
(974, 120, '1728627668900-à¸à¸²à¹à¸à¹à¸² à¸à¸²à¹à¸à¸ à¸à¸à¸£à¸à¸à¸¡.jpg', '2024-10-11 06:18:12'),
(975, 120, '1728627668900-à¸à¸²à¹à¸à¹à¸² à¸à¸²à¹à¸à¸ à¸à¸à¸£à¸à¸à¸¡4.jpg', '2024-10-11 06:18:12'),
(976, 121, '1728627805679-2021-12-19.jpg', '2024-10-11 06:20:29'),
(977, 121, '1728627805677-2024-08-17 (1).jpg', '2024-10-11 06:20:29'),
(978, 121, '1728627805669-2024-08-17 (2).jpg', '2024-10-11 06:20:29'),
(979, 121, '1728627805683-2019-09-03.jpg', '2024-10-11 06:20:29'),
(980, 121, '1728627805684-2024-08-17.jpg', '2024-10-11 06:20:29'),
(981, 127, '1728627979540-2024-07-26 (3).jpg', '2024-10-11 06:23:23'),
(982, 127, '1728627979535-2024-07-26 (4).jpg', '2024-10-11 06:23:23'),
(983, 127, '1728627979548-2024-07-26.jpg', '2024-10-11 06:23:23'),
(984, 127, '1728627979544-2024-07-29.jpg', '2024-10-11 06:23:23'),
(985, 127, '1728627979542-2024-07-26 (2).jpg', '2024-10-11 06:23:23'),
(986, 127, '1728627979545-2024-07-26 (1).jpg', '2024-10-11 06:23:23'),
(987, 112, '1728628092415-2022-01-28.jpg', '2024-10-11 06:25:16'),
(988, 112, '1728628092403-2022-01-28 (1).jpg', '2024-10-11 06:25:16'),
(989, 112, '1728628092420-_DSC2714_00001.jpg', '2024-10-11 06:25:16'),
(990, 112, '1728628092410-_DSC2706_00001.jpg', '2024-10-11 06:25:16'),
(991, 112, '1728628092412-_DSC2713_00001.jpg', '2024-10-11 06:25:16'),
(992, 112, '1728628092417-_DSC2709_00001.jpg', '2024-10-11 06:25:16'),
(993, 126, '1728628235878-2019-10-24.jpg', '2024-10-11 06:27:39'),
(994, 126, '1728628235871-2019-10-24 (1).jpg', '2024-10-11 06:27:39'),
(995, 126, '1728628235877-2023-07-02 (1).jpg', '2024-10-11 06:27:39'),
(996, 126, '1728628235879-2019-09-25.jpg', '2024-10-11 06:27:39'),
(997, 126, '1728628235880-2023-07-02.jpg', '2024-10-11 06:27:39'),
(998, 74, '1728653083546-1619837403791-1661417770.jpg', '2024-10-11 13:21:46'),
(999, 74, '1728653083531-1619837580465-1354139610.jpg', '2024-10-11 13:21:46'),
(1000, 74, '1728653083541-1619837532999-405713811.jpg', '2024-10-11 13:21:46'),
(1001, 78, '1728653182902-f6ad0580-9614-11ed-b27e-8d8dec28a109_webp_original.jpg', '2024-10-11 13:23:26'),
(1002, 78, '1728653182903-7dc25da0-5cc7-11ec-b432-f35e96973051_webp_original.jpg', '2024-10-11 13:23:26'),
(1003, 78, '1728653182904-f4c1d750-9614-11ed-a617-e3901d9cbcf7_webp_original.jpg', '2024-10-11 13:23:26'),
(1004, 78, '1728653182903-f4c95160-9614-11ed-8244-8715810d6532_webp_original.jpg', '2024-10-11 13:23:26'),
(1005, 86, '1728653361402-2023-05-02.jpg', '2024-10-11 13:26:24'),
(1006, 86, '1728653361387-2023-05-02 (2).jpg', '2024-10-11 13:26:24'),
(1007, 86, '1728653361394-20230309_081148.jpg', '2024-10-11 13:26:24'),
(1008, 86, '1728653361397-2023-05-02 (1).jpg', '2024-10-11 13:26:24'),
(1009, 75, '1728653515680-456210820_483165294466929_4885898757242514072_n.jpg', '2024-10-11 13:28:59'),
(1010, 75, '1728653515675-455792074_483165351133590_7831414648302455517_n.jpg', '2024-10-11 13:28:59'),
(1011, 75, '1728653515685-455656416_480874478029344_1032813246607890551_n.jpg', '2024-10-11 13:28:59'),
(1012, 75, '1728653515684-279319108_115875084434481_3505619013701525589_n.jpg', '2024-10-11 13:28:59'),
(1013, 109, '1728653636642-IMG_20190305_132349.jpg', '2024-10-11 13:31:00'),
(1014, 109, '1728653636643-2021-10-13.jpg', '2024-10-11 13:31:00'),
(1015, 109, '1728653636636-2021-10-13 (1).jpg', '2024-10-11 13:31:00'),
(1016, 98, '1728653858710-2021-01-09 (1).jpg', '2024-10-11 13:34:42'),
(1017, 98, '1728653858717-2020-12-25.jpg', '2024-10-11 13:34:42'),
(1018, 98, '1728653858716-2021-01-25 (5).jpg', '2024-10-11 13:34:42'),
(1019, 98, '1728653858730-2021-01-09.jpg', '2024-10-11 13:34:42'),
(1020, 98, '1728653858726-2021-01-25 (1).jpg', '2024-10-11 13:34:42'),
(1021, 98, '1728653858728-2021-01-25.jpg', '2024-10-11 13:34:42'),
(1022, 98, '1728653858723-2021-01-25 (2).jpg', '2024-10-11 13:34:42'),
(1023, 102, '1728654022188-2024-01-19.jpg', '2024-10-11 13:37:25'),
(1024, 102, '1728654022195-Wat Phra That Prasit 3141.JPG', '2024-10-11 13:37:25'),
(1025, 102, '1728654022202-2022-12-15.jpg', '2024-10-11 13:37:25'),
(1026, 102, '1728654022200-2023-06-09.jpg', '2024-10-11 13:37:25'),
(1027, 102, '1728654022203-2022-06-16.jpg', '2024-10-11 13:37:25'),
(1028, 102, '1728654022199-IMG_6635.jpg', '2024-10-11 13:37:25'),
(1029, 102, '1728654022197-2022-04-24.jpg', '2024-10-11 13:37:25'),
(1030, 102, '1728654022205-download.jpg', '2024-10-11 13:37:25'),
(1031, 108, '1728654183922-2024-08-10.jpg', '2024-10-11 13:40:07'),
(1032, 108, '1728654183914-2024-08-10 (2).jpg', '2024-10-11 13:40:07'),
(1033, 108, '1728654183923-2024-06-24.jpg', '2024-10-11 13:40:07'),
(1034, 108, '1728654183909-2024-08-12 (3).jpg', '2024-10-11 13:40:07'),
(1035, 108, '1728654183916-2024-08-12 (2).jpg', '2024-10-11 13:40:07'),
(1036, 108, '1728654183919-2024-08-10 (1).jpg', '2024-10-11 13:40:07'),
(1037, 108, '1728654183918-2024-08-12 (1).jpg', '2024-10-11 13:40:07'),
(1038, 108, '1728654183921-2024-08-12.jpg', '2024-10-11 13:40:07'),
(1039, 96, '1728654280206-unnamed (7).jpg', '2024-10-11 13:41:43'),
(1040, 96, '1728654280241-2023-02-21.jpg', '2024-10-11 13:41:43'),
(1041, 96, '1728654280224-unnamed (4).jpg', '2024-10-11 13:41:43'),
(1042, 96, '1728654280228-unnamed (2).jpg', '2024-10-11 13:41:43'),
(1043, 96, '1728654280214-unnamed (6).jpg', '2024-10-11 13:41:43'),
(1044, 96, '1728654280227-unnamed (3).jpg', '2024-10-11 13:41:43'),
(1045, 96, '1728654280221-2019-04-28.jpg', '2024-10-11 13:41:43'),
(1046, 96, '1728654280219-unnamed (5).jpg', '2024-10-11 13:41:43'),
(1047, 96, '1728654280258-unnamed (1).jpg', '2024-10-11 13:41:43'),
(1048, 96, '1728654280260-unnamed.jpg', '2024-10-11 13:41:43'),
(1049, 76, '1728654354286-2024-04-21 (3).jpg', '2024-10-11 13:42:57'),
(1050, 76, '1728654354285-2024-04-21 (4).jpg', '2024-10-11 13:42:57'),
(1051, 76, '1728654354291-2024-04-21 (2).jpg', '2024-10-11 13:42:57'),
(1052, 76, '1728654354289-received_5667725019940345.jpeg', '2024-10-11 13:42:57'),
(1053, 76, '1728654354293-2024-04-21 (1).jpg', '2024-10-11 13:42:57'),
(1054, 76, '1728654354295-2024-04-21.jpg', '2024-10-11 13:42:57'),
(1055, 76, '1728654354294-2022-11-25.jpg', '2024-10-11 13:42:57'),
(1056, 77, '1728654428529-2024-07-14.jpg', '2024-10-11 13:44:11'),
(1057, 77, '1728654428537-2022-01-28.jpg', '2024-10-11 13:44:11'),
(1058, 77, '1728654428542-20221118_091625.jpg', '2024-10-11 13:44:11'),
(1059, 77, '1728654428552-2023-08-13 (1).jpg', '2024-10-11 13:44:11'),
(1060, 77, '1728654428544-2023-09-07.jpg', '2024-10-11 13:44:11'),
(1061, 77, '1728654428562-2023-08-13.jpg', '2024-10-11 13:44:11'),
(1062, 77, '1728654428559-2021-01-12.jpg', '2024-10-11 13:44:11'),
(1063, 77, '1728654428540-2016-01-03 (1).jpg', '2024-10-11 13:44:11'),
(1064, 77, '1728654428555-2018-08-05.jpg', '2024-10-11 13:44:11'),
(1065, 77, '1728654428549-2016-01-03.jpg', '2024-10-11 13:44:11'),
(1066, 79, '1728654538510-Thai-Lao_Friendship_Bridge_312.jpg', '2024-10-11 13:46:01'),
(1067, 79, '1728654538523-2018012719982bd38bb00f4e2edddacd40209dde140438.jpg', '2024-10-11 13:46:01'),
(1068, 79, '1728654538521-160828932355.jpg', '2024-10-11 13:46:01'),
(1077, 90, '1728654667245-CIMG1355 (1).JPG', '2024-10-11 13:48:10'),
(1078, 90, '1728654667253-Wat_Aranyawiwake_1049.jpg', '2024-10-11 13:48:10'),
(1079, 90, '1728654667266-02-002.jpg', '2024-10-11 13:48:10'),
(1080, 90, '1728654667268-02-001.jpg', '2024-10-11 13:48:10'),
(1087, 195, '1728966709939-à¸à¸£à¸°à¸à¸¹à¹à¸à¸1.jpg', '2024-10-15 04:28:49'),
(1088, 195, '1728966709958-à¸à¸£à¸°à¸à¸¹à¹à¸à¸2.jpg', '2024-10-15 04:28:49'),
(1089, 195, '1728966709964-à¸à¸£à¸°à¸à¸¹à¹à¸à¸3.jpg', '2024-10-15 04:28:49'),
(1090, 195, '1728966709973-à¸à¸£à¸°à¸à¸¹à¹à¸à¸4.jpg', '2024-10-15 04:28:49'),
(1091, 195, '1728966709979-à¸à¸£à¸°à¸à¸¹à¹à¸à¸5.jpg', '2024-10-15 04:28:49'),
(1092, 195, '1728966709986-à¸à¸£à¸°à¸à¸¹à¸§à¸à¹à¸§à¸µà¸¢à¸.jpg', '2024-10-15 04:28:49'),
(1093, 195, '1728966709990-à¸à¸£à¸°à¸à¸¹à¸§à¸à¹à¸§à¸µà¸¢à¸1.jpg', '2024-10-15 04:28:49'),
(1094, 196, '1729096709582-160828932355.jpg', '2024-10-16 16:35:27'),
(1095, 196, '1729096709585-2018012719982bd38bb00f4e2edddacd40209dde140438.jpg', '2024-10-16 16:35:27'),
(1096, 196, '1729096709602-Thai-Lao_Friendship_Bridge_312.jpg', '2024-10-16 16:35:27'),
(1097, 197, '1729097454600-4ba4d39c-001e-46e1-4c2c-574d5d557ea8.jpg', '2024-10-16 16:47:52'),
(1098, 197, '1729097454601-86ae3080-95c5-11ea-bcb3-0320ce420b5e_original.jpg', '2024-10-16 16:47:52'),
(1099, 197, '1729097454605-aHR0cHM6Ly9zLmlzYW5vb2suY29tL3RyLzAvdWQvMjg1LzE0MjUxOTcvNzgwODUyLmpwZw-1.jpg', '2024-10-16 16:47:52'),
(1100, 197, '1729097454607-sd_61fa02b5b2f8f.jpg', '2024-10-16 16:47:52'),
(1101, 197, '1729097454608-à¸ªà¸§à¸à¸ªà¸²à¸à¸²à¸£à¸à¸°à¹à¸¥à¸°à¸«à¸²à¸à¸à¸£à¸²à¸¢à¸à¸­à¸à¸¨à¸£à¸µà¹à¸à¸à¸£à¸à¸¹à¸£à¸à¹ - Copy.jpg', '2024-10-16 16:47:52'),
(1102, 197, '1729097454618-à¸ªà¸§à¸à¸ªà¸²à¸à¸²à¸£à¸à¸°à¹à¸¥à¸°à¸«à¸²à¸à¸à¸£à¸²à¸¢à¸à¸­à¸à¸¨à¸£à¸µà¹à¸à¸à¸£à¸à¸¹à¸£à¸à¹.jpg', '2024-10-16 16:47:53'),
(1111, 201, '1729098737156-9dff5747-689d-41db-8b46-7a1087692a41.jpg', '2024-10-16 17:09:15'),
(1112, 201, '1729098737162-566000005562101.jpg', '2024-10-16 17:09:15'),
(1113, 201, '1729098737165-566000005562104.jpg', '2024-10-16 17:09:15'),
(1114, 201, '1729098737169-566000005562105.jpg', '2024-10-16 17:09:15'),
(1115, 202, '1729099245268-SAC-128.jpg', '2024-10-16 17:17:43'),
(1116, 202, '1729099245286-SAC-129.jpg', '2024-10-16 17:17:43'),
(1117, 198, '1729107731784-20180124d3831dd2ec85d7df5cdf4575a0127f70142313.jpg', '2024-10-16 19:39:09'),
(1118, 198, '1729107731809-d48de3a2-a04d-4a59-bfd4-36ac02737201.jpg', '2024-10-16 19:39:09'),
(1119, 198, '1729107731819-WuQVjh6ocEU9TNayfALEmC7orUbLrdM9kxGPs8bj.jpeg', '2024-10-16 19:39:09'),
(1120, 204, '1729150307541-3b0bc51c82384aa79a16115dbfc5e23e.jpg', '2024-10-17 07:28:45'),
(1121, 204, '1729150307562-7d0c69dbd1324e03b6f0273b52181a17.jpg', '2024-10-17 07:28:45'),
(1122, 204, '1729150307570-89c93815cc1643c39481a0c3d681242f.jpg', '2024-10-17 07:28:45'),
(1123, 204, '1729150307578-853cc845f9a640b6807722a191a87681.jpg', '2024-10-17 07:28:45'),
(1124, 204, '1729150307581-d8252f4459754703b8948ca1cb77c8f2.jpg', '2024-10-17 07:28:45'),
(1125, 205, '1729150836540-20220807_090920-1024x461.jpg', '2024-10-17 07:37:34'),
(1126, 205, '1729150836543-20220807_091629-1024x461.jpg', '2024-10-17 07:37:34'),
(1127, 205, '1729150836543-1661727758511-1024x768.jpg', '2024-10-17 07:37:34'),
(1128, 205, '1729150836550-1666851377337-1024x576.jpg', '2024-10-17 07:37:34'),
(1129, 205, '1729150836551-S__5496856-1024x768.jpg', '2024-10-17 07:37:34'),
(1130, 205, '1729150836553-S__5496850-1024x768.jpg', '2024-10-17 07:37:35'),
(1131, 206, '1729151855150-273049693_472123857895847_5097356760812321921_n.jpg', '2024-10-17 07:54:32'),
(1132, 206, '1729151855162-273205445_472124054562494_962865548768501503_n.jpg', '2024-10-17 07:54:32'),
(1133, 206, '1729151855166-273467385_472123947895838_8242945588140677519_n.jpg', '2024-10-17 07:54:32'),
(1134, 206, '1729151855171-273496302_472123891229177_7556897012052793808_n.jpg', '2024-10-17 07:54:32'),
(1135, 206, '1729151855174-273507750_472124304562469_1427236826738021203_n.jpg', '2024-10-17 07:54:32'),
(1136, 207, '1729152418708-070765-à¸à¸²à¸¡à¸à¸¸à¸£à¸µà¸¢à¸±à¸à¸©à¹-1-1-1024x577.jpg', '2024-10-17 08:03:56'),
(1137, 207, '1729152418720-070765-à¸à¸²à¸¡à¸à¸¸à¸£à¸µà¸¢à¸±à¸à¸©à¹-1-4-1024x577.jpg', '2024-10-17 08:03:56'),
(1138, 207, '1729152418726-070765-à¸à¸²à¸¡à¸à¸¸à¸£à¸µà¸¢à¸±à¸à¸©à¹-1-11.jpg', '2024-10-17 08:03:56'),
(1139, 207, '1729152418729-20230827_153713-EDIT.jpg', '2024-10-17 08:03:56'),
(1140, 207, '1729152418739-20230827_1539582.jpg', '2024-10-17 08:03:56'),
(1141, 208, '1729152821415-01d346a0-5e2f-11ec-b449-2178f333b022_webp_original.jpg', '2024-10-17 08:10:39'),
(1142, 208, '1729152821416-1i61k2215b6xsmzaq740A.jpg', '2024-10-17 08:10:39'),
(1143, 208, '1729152821431-27aff6c0-5e2f-11ec-a089-e736e3358e81_webp_original.jpg', '2024-10-17 08:10:39'),
(1144, 208, '1729152821431-423dc120-5e2f-11ec-a089-e736e3358e81_webp_original.jpg', '2024-10-17 08:10:39'),
(1145, 208, '1729152821433-dcbe0530-5e2e-11ec-a089-e736e3358e81_webp_original.jpg', '2024-10-17 08:10:39'),
(1146, 208, '1729152821435-dcbe5350-5e2e-11ec-9189-991532356215_webp_original.jpg', '2024-10-17 08:10:39'),
(1147, 209, '1729153296397-npic2_file_9f52d83ecc31fb18bf8ca996c4226c7d.jpg', '2024-10-17 08:18:34'),
(1148, 210, '1729153745967-142293573_710406389677427_8338909616956631474_n.jpg', '2024-10-17 08:26:03'),
(1149, 210, '1729153745983-142738087_710406436344089_224782840889775_n.jpg', '2024-10-17 08:26:03'),
(1150, 211, '1729154026020-001.jpg', '2024-10-17 08:30:43'),
(1151, 211, '1729154026031-20180126fc47bf382139b8d69a26ec901aaf4557100543.jpg', '2024-10-17 08:30:43'),
(1152, 211, '1729154026033-201801264ee9362fd8f457775d444461cb32c800100658.jpg', '2024-10-17 08:30:43'),
(1153, 211, '1729154026040-gp631c401a10d80.jpg', '2024-10-17 08:30:43'),
(1154, 212, '1729154348277-1f6bc190cca94c0da74c99ae08075cc4.jpg', '2024-10-17 08:36:05'),
(1155, 212, '1729154348278-004.jpg', '2024-10-17 08:36:05'),
(1156, 212, '1729154348288-6f7f39b43696464ea533de906e80d021.jpg', '2024-10-17 08:36:05'),
(1157, 212, '1729154348293-11e3f4805be44d2f8544cfa3ad561b10.jpg', '2024-10-17 08:36:05'),
(1158, 212, '1729154348296-884e235ffba94158b2034719562cb3e5.jpg', '2024-10-17 08:36:05'),
(1159, 212, '1729154348298-a95fc69adaa74c89968192df9c68dac8.jpg', '2024-10-17 08:36:05'),
(1160, 214, '1729325204890-2021-12-20.jpg', '2024-10-19 08:03:40'),
(1161, 214, '1729325204906-2022-12-28 (1).jpg', '2024-10-19 08:03:40'),
(1162, 214, '1729325204913-2022-12-28.jpg', '2024-10-19 08:03:40'),
(1163, 214, '1729325204919-2022-12-30.jpg', '2024-10-19 08:03:40'),
(1164, 214, '1729325204923-2023-01-11.jpg', '2024-10-19 08:03:40'),
(1165, 214, '1729325204925-2023-02-06.jpg', '2024-10-19 08:03:40'),
(1166, 214, '1729325204928-2023-02-10.jpg', '2024-10-19 08:03:40'),
(1167, 214, '1729325204932-2023-04-26.jpg', '2024-10-19 08:03:40'),
(1168, 214, '1729325204934-FB_IMG_1685577541627.jpg', '2024-10-19 08:03:40'),
(1169, 214, '1729325204936-line_20448655980218.jpg', '2024-10-19 08:03:40'),
(1170, 216, '1729325781715-2020-07-27.jpg', '2024-10-19 08:13:17'),
(1171, 216, '1729325781724-2022-02-02.jpg', '2024-10-19 08:13:17'),
(1172, 216, '1729325781726-2023-07-17.jpg', '2024-10-19 08:13:17'),
(1173, 216, '1729325781730-2023-12-14.jpg', '2024-10-19 08:13:17'),
(1174, 216, '1729325781734-2024-01-22 (1).jpg', '2024-10-19 08:13:17'),
(1175, 216, '1729325781738-2024-01-22.jpg', '2024-10-19 08:13:18'),
(1176, 216, '1729325781740-2024-06-06 (1).jpg', '2024-10-19 08:13:18'),
(1177, 216, '1729325781742-2024-06-06.jpg', '2024-10-19 08:13:18'),
(1178, 216, '1729325781746-PDC0002.jpg', '2024-10-19 08:13:18'),
(1179, 217, '1729326071069-2022-02-02.jpg', '2024-10-19 08:18:08'),
(1180, 217, '1729326071070-2022-12-08 (1).jpg', '2024-10-19 08:18:08'),
(1181, 217, '1729326071079-2022-12-08.jpg', '2024-10-19 08:18:08'),
(1182, 217, '1729326071082-2023-10-25.jpg', '2024-10-19 08:18:09'),
(1183, 217, '1729326071084-2023-11-07.jpg', '2024-10-19 08:18:09'),
(1184, 217, '1729326071110-20231127_113503.jpg', '2024-10-19 08:18:09'),
(1185, 217, '1729326071111-DSC_6581 (2).JPG', '2024-10-19 08:18:09'),
(1186, 217, '1729326071114-DSC05032.jpg', '2024-10-19 08:18:09'),
(1187, 217, '1729326071117-IMG20210925091359.jpg', '2024-10-19 08:18:09'),
(1188, 217, '1729326071118-à¸§à¸±à¸à¸«à¸±à¸§à¹à¸§à¸µà¸¢à¸.jpg', '2024-10-19 08:18:10'),
(1198, 219, '1729326404359-2019-11-13 (1).jpg', '2024-10-19 08:23:40'),
(1199, 219, '1729326404376-2019-11-13.jpg', '2024-10-19 08:23:40'),
(1200, 219, '1729326404380-2023-11-05 (1).jpg', '2024-10-19 08:23:40'),
(1201, 219, '1729326404383-2023-11-05 (2).jpg', '2024-10-19 08:23:40'),
(1202, 219, '1729326404395-2023-11-05 (3).jpg', '2024-10-19 08:23:40'),
(1203, 219, '1729326404400-2023-11-05.jpg', '2024-10-19 08:23:40'),
(1204, 219, '1729326404407-20230424_075616.jpg', '2024-10-19 08:23:40'),
(1205, 219, '1729326404413-20230424_075903.jpg', '2024-10-19 08:23:40'),
(1206, 219, '1729326404416-IMG_20230403_065621.jpg', '2024-10-19 08:23:40'),
(1217, 221, '1729328246133-2020-02-27.jpg', '2024-10-19 08:54:24'),
(1218, 221, '1729328246142-2022-01-26.jpg', '2024-10-19 08:54:25'),
(1219, 221, '1729328246144-2022-07-05.jpg', '2024-10-19 08:54:25'),
(1220, 221, '1729328246147-2022-10-26.jpg', '2024-10-19 08:54:26'),
(1221, 221, '1729328246152-2022-12-17.jpg', '2024-10-19 08:54:26'),
(1222, 221, '1729328246157-2023-06-18.jpg', '2024-10-19 08:54:27'),
(1223, 221, '1729328246160-2024-01-04.jpg', '2024-10-19 08:54:27'),
(1224, 221, '1729328246164-2024-08-29.jpg', '2024-10-19 08:54:28'),
(1225, 221, '1729328246168-20220116_165621.jpg', '2024-10-19 08:54:28'),
(1226, 221, '1729328246174-20220116_170459.jpg', '2024-10-19 08:54:29'),
(1227, 222, '1729328450794-2017-09-09 (1).jpg', '2024-10-19 08:57:47'),
(1228, 222, '1729328450802-2017-09-09.jpg', '2024-10-19 08:57:47'),
(1229, 222, '1729328450805-2018-02-01.jpg', '2024-10-19 08:57:47'),
(1230, 222, '1729328450807-2018-02-06.jpg', '2024-10-19 08:57:47'),
(1231, 222, '1729328450810-2019-03-13.jpg', '2024-10-19 08:57:47'),
(1232, 222, '1729328450813-2022-09-13.jpg', '2024-10-19 08:57:47'),
(1233, 222, '1729328450815-20200120_154855.jpg', '2024-10-19 08:57:48'),
(1234, 222, '1729328450816-download.jpg', '2024-10-19 08:57:48'),
(1235, 222, '1729328450816-IMG_20200209_142255226_HDR.jpg', '2024-10-19 08:57:48'),
(1236, 223, '1729328820320-2017-10-14.jpg', '2024-10-19 09:03:55'),
(1237, 223, '1729328820327-2018-10-14.jpg', '2024-10-19 09:03:55'),
(1238, 223, '1729328820334-IMG20180506142251.jpg', '2024-10-19 09:03:55'),
(1239, 224, '1729328982491-_DSC5074-Edit.JPG', '2024-10-19 09:06:38'),
(1240, 224, '1729328982503-_DSC5080-2.JPG', '2024-10-19 09:06:38'),
(1241, 224, '1729328982531-_DSC5091-Edit.JPG', '2024-10-19 09:06:38'),
(1242, 224, '1729328982548-2022-04-03.jpg', '2024-10-19 09:06:38'),
(1243, 224, '1729328982560-2022-12-22 (1).jpg', '2024-10-19 09:06:38'),
(1244, 224, '1729328982565-2022-12-22.jpg', '2024-10-19 09:06:38'),
(1245, 224, '1729328982569-2023-12-30.jpg', '2024-10-19 09:06:38'),
(1246, 224, '1729328982576-2024-04-12.jpg', '2024-10-19 09:06:38'),
(1247, 224, '1729328982581-20220118_110535.jpg', '2024-10-19 09:06:38'),
(1248, 224, '1729328982587-Phutthanimit Bureau of Monks 05.JPG', '2024-10-19 09:06:38'),
(1249, 225, '1729329205220-_25A5854.jpg', '2024-10-19 09:10:20'),
(1250, 225, '1729329205230-2022-10-24 (1).jpg', '2024-10-19 09:10:21'),
(1251, 225, '1729329205233-2022-10-24.jpg', '2024-10-19 09:10:21'),
(1252, 225, '1729329205254-2023-02-26.jpg', '2024-10-19 09:10:21'),
(1253, 225, '1729329205263-2024-06-08 (1).jpg', '2024-10-19 09:10:21'),
(1254, 225, '1729329205269-20191004_110530.jpg', '2024-10-19 09:10:21'),
(1255, 225, '1729329205273-download.jpg', '2024-10-19 09:10:21'),
(1256, 225, '1729329205273-DSC_0696.JPG', '2024-10-19 09:10:21'),
(1257, 225, '1729329205277-IMG_20210101_155812.jpg', '2024-10-19 09:10:21'),
(1258, 225, '1729329205280-IMG_20210101_161150.jpg', '2024-10-19 09:10:21'),
(1259, 226, '1729329310487-_25A5834.jpg', '2024-10-19 09:12:06'),
(1260, 226, '1729329310497-_25A5844.jpg', '2024-10-19 09:12:06'),
(1261, 226, '1729329310503-_25A5846.jpg', '2024-10-19 09:12:06'),
(1262, 226, '1729329310506-2022-06-20.jpg', '2024-10-19 09:12:06'),
(1263, 226, '1729329310512-2022-09-13 (1).jpg', '2024-10-19 09:12:06'),
(1264, 226, '1729329310521-2022-09-13 (2).jpg', '2024-10-19 09:12:06'),
(1265, 226, '1729329310527-2022-09-13.jpg', '2024-10-19 09:12:06'),
(1266, 226, '1729329310532-2023-06-08 (1).jpg', '2024-10-19 09:12:06'),
(1267, 226, '1729329310536-2023-06-08.jpg', '2024-10-19 09:12:06'),
(1268, 226, '1729329310542-IMG_20210104_171734.jpg', '2024-10-19 09:12:06'),
(1269, 227, '1729330056553-2017-11-10.jpg', '2024-10-19 09:24:32'),
(1270, 227, '1729330056562-2023-01-03.jpg', '2024-10-19 09:24:32'),
(1271, 227, '1729330056568-2023-12-17.jpg', '2024-10-19 09:24:32'),
(1272, 227, '1729330056570-2023-12-31.jpg', '2024-10-19 09:24:32'),
(1273, 227, '1729330056578-2024-09-23 (1).jpg', '2024-10-19 09:24:32'),
(1274, 227, '1729330056584-2024-09-23 (2).jpg', '2024-10-19 09:24:32'),
(1275, 227, '1729330056588-2024-09-23.jpg', '2024-10-19 09:24:32'),
(1276, 227, '1729330056596-IMG20240622083048.jpg', '2024-10-19 09:24:32'),
(1277, 227, '1729330056603-IMG20240622083136.jpg', '2024-10-19 09:24:32'),
(1278, 228, '1729330198902-2018-05-30.jpg', '2024-10-19 09:26:54'),
(1279, 228, '1729330198912-2019-07-07 (1).jpg', '2024-10-19 09:26:54'),
(1280, 228, '1729330198917-2019-07-07.jpg', '2024-10-19 09:26:54'),
(1281, 228, '1729330198923-2021-02-18.jpg', '2024-10-19 09:26:54'),
(1282, 228, '1729330198933-2023-05-25.jpg', '2024-10-19 09:26:54'),
(1283, 228, '1729330198937-2023-08-29 (1).jpg', '2024-10-19 09:26:54'),
(1284, 228, '1729330198941-2023-08-29 (2).jpg', '2024-10-19 09:26:54'),
(1285, 228, '1729330198946-2023-08-29 (3).jpg', '2024-10-19 09:26:54'),
(1286, 228, '1729330198953-2023-08-29.jpg', '2024-10-19 09:26:54');

-- --------------------------------------------------------

--
-- Table structure for table `tourist_entities`
--

CREATE TABLE `tourist_entities` (
  `id` int(7) NOT NULL,
  `name` varchar(255) NOT NULL,
  `description` text DEFAULT NULL,
  `location` varchar(255) DEFAULT NULL,
  `latitude` decimal(10,8) DEFAULT NULL,
  `longitude` decimal(11,8) DEFAULT NULL,
  `district_id` int(5) NOT NULL,
  `category_id` int(11) NOT NULL,
  `created_date` datetime DEFAULT current_timestamp(),
  `created_by` int(7) NOT NULL,
  `published` tinyint(1) DEFAULT 0
) ENGINE=InnoDB DEFAULT CHARSET=utf8 COLLATE=utf8_general_ci;

--
-- Dumping data for table `tourist_entities`
--

INSERT INTO `tourist_entities` (`id`, `name`, `description`, `location`, `latitude`, `longitude`, `district_id`, `category_id`, `created_date`, `created_by`, `published`) VALUES
(1, 'ร้านอาหารสวีทโฮม ธาตุพนม', 'ร้านอยู่ติดไฟแดงถนนใหญ่ ก่อนเข้าอำเภอธาตุพนม ', '290 ตำบล ฝั่งแดง อำเภอ ธาตุพนม นครพนม 48110', 16.92622692, 104.68200389, 8, 3, '2024-09-26 01:08:46', 1, 1),
(2, 'Na Khun Pu - นาคุณปู่', 'ร้านอยู่ห่างจากพระธาตุพนมประมาณ 10 กิโลเมตร', '133 ม.7 อำเภอ ธาตุพนม นครพนม 48110', 16.98819727, 104.71256110, 8, 3, '2024-09-26 01:10:52', 1, 1),
(3, 'HI COME garden ไหคำการ์เด้นท์', 'มีมุมถ่ายรูปสวย ๆ ', 'Unnamed Road ตำบล ธาตุพนม อำเภอ ธาตุพนม นครพนม 48110', 16.95320823, 104.71321508, 8, 3, '2024-09-26 01:13:04', 1, 1),
(4, 'ดาวทอง อาหารเวียดนาม', 'ร้านอยู่ในเชตชุมชน แถวพระธาตุ', 'ถนน พนมพนารักษ์ ตำบล ธาตุพนม อำเภอ ธาตุพนม นครพนม 48110', 16.94234609, 104.72807968, 8, 3, '2024-09-26 01:21:08', 1, 1),
(5, 'ครัวริมโขงวิว', 'ร้านอาหารในอำเภอธาตุพนม  ติดริมแม่น้ำโขงมี 2 โซนให้เลือกโซนห้องแอร์  และโซนแพติดริมแม่น้ำ', '45 ม.1 บ้านหัวบ้านหัวบึงท่า ตำบล ธาตุพนมเหนือ อำเภอ ธาตุพนม นครพนม 48110', 16.96226723, 104.72927949, 8, 3, '2024-09-26 12:17:35', 1, 1),
(6, 'A-List Coffee&Tea Cheese', 'แวะดื่มกาแฟหลังจากไปไหว้พระธาตุพนม แอร์เย็นๆ', '2030 ตำบล ธาตุพนม อำเภอ ธาตุพนม นครพนม 48110', 16.94564377, 104.72095442, 8, 3, '2024-09-26 12:32:58', 1, 1),
(7, 'ครัวแม่นอม ร้านอาหารอร่อย ธาตุพนม นครพนม', 'บรรยากาศร้านดี', '14 หมู่ 13 อำเภอ ธาตุพนม นครพนม 48110', 16.95311249, 104.72557742, 8, 3, '2024-09-26 12:40:44', 1, 1),
(8, 'ส้มตำ ยำนัว แซ่บเวอร์ #ป้าเอ๋', 'ร้านอาหาร อยู่ไม่ไกลจากพระธาตุพนม มากนัก\r\nรสชาติอาหารดีมาก', 'ถ. ชยางกูร ตำบล ธาตุพนม อำเภอ ธาตุพนม นครพนม 48110', 16.95038783, 104.72540148, 8, 3, '2024-09-26 12:45:40', 1, 1),
(10, 'ร้านระเบียงน้ำ', 'ร้านอาหารปลาน้่ำโขง ปลาสดใหม่ทุกวัน  เเละอาหารตามสั่งบรรยากาศดีริมแม่น้ำโขง ตัวร้านอยู่ชิดติดริมถนนเลียบน้ำโขงของ อ.ธาตุพนม สามารถนั่งทานอาหารไปพร้อมชมวิวน้ำโขงและฝั่งลาวได้อย่างสวยงาม พร้อมจิบเครื่องดื่มเย็นๆรับลมสบาย   มีร้านที่จอดรถหน้าร้านกว้างมาก วิวบรรยายดี ', 'ตำบล ธาตุพนม อำเภอ ธาตุพนม นครพนม 48110', 16.94029144, 104.72922210, 8, 3, '2024-09-26 12:52:43', 1, 1),
(11, 'แสงทองเฮอริเทจ', ' ที่ตั้งเดินทางสะดวกจากขนส่ง นั่งรถสกายแลปมาเพียง 2 แยกไฟแดง 5 นาที และร.ร.อยู่ติดกับทางเข้าพระธาตุ ฝั่งริมแม่น้ำโขง สามารถเดินไปดูแม่น้ำโขง ชิลๆ ได้ เดินไปพระธาตุได้จากตรงนี้ ถึงหน้าประตูพระธาตุเลย เพียง 20 ก้าว', 'ตำบล ธาตุพนม อำเภอ ธาตุพนม นครพนม 48110 โทร 0815787960', 16.94250876, 104.72809889, 8, 2, '2024-09-26 13:10:25', 1, 1),
(12, 'ณ ธาตุพนมเพลส Na That Panom Place Hotel', 'อยู่ใกล้วัดพระธาตุพนม เหมาะสำหรับคนที่มาพักทั้งมาคนเดียว มาเป็นครอบครัว หรือมากับเพื่อนห้องสะอาด', 'tel.081 5047899, 117 Moo 10 Chayangkul Road, อำเภอ ธาตุพนม นครพนม 48110', 16.93934199, 104.72313708, 8, 2, '2024-09-26 13:13:41', 1, 1),
(13, 'สวัสดีรีสอร์ท ธาตุพนม', 'สวัสดี รีสอร์ท ที่พักใกล้วัดพระธาตุพนม ', 'ตำบล ธาตุพนม อำเภอ ธาตุพนม นครพนม 48110', 16.93944816, 104.72527747, 8, 2, '2024-09-26 13:17:53', 1, 1),
(14, 'That Phanom River View Hotel', 'เวลาเช็คอิน: 14:00\r\nเวลาเช็คเอาต์: 12:00', '258 Moo 2 thatphanom, อำเภอ ธาตุพนม 48110 โทร 042541555', 16.94565603, 104.72936379, 8, 2, '2024-09-26 13:19:21', 1, 1),
(15, 'โรงแรมพินเพลส', 'โทร 0872149714', 'เลขที่ 9 หมู่ 13 หมู่บ้าน ธาตุเจริญ ถ. ชยางกูร อำเภอ ธาตุพนม นครพนม 48110', 16.94916255, 104.72495234, 8, 2, '2024-09-26 13:21:59', 1, 1),
(16, 'หาดแห่', '  หาดแห่  ถือเป็นเกาะกลางแม่น้ำโขงเพียงเกาะเดียวที่เป็นของประเทศไทย   มีร้านอาหารที่ปรุงอาหารจากปลาแม่น้ำโขงสด ๆ มีชายหาดที่มีหินกรวด ทำให้น้ำใส น่าลงไปว่ายน้ำเล่นทั้งเด็กและผู้ใหญ่ มีการจัดงานประเพณีสงกรานต์ที่หาดแห่ทุก ๆ ปี มีนักท่องเที่ยวมาเที่ยวเป็นเรือนหมื่น', 'ตำบล น้ำก่ำ อำเภอ ธาตุพนม นครพนม 48110', 16.90293132, 104.73684200, 8, 1, '2024-09-26 13:32:48', 1, 1),
(17, 'ซุ้มประตูเรืองอร่ามรัษฎากร', 'ซุ้มประตูเรืองอร่ามรัษฎากร (ซุ้มประตูโขง) เป็นพุทธศิลปร่วมสถาปัตยกรรมแบบอาณานิคมฝรั่งเศส ที่ อ. ธาตุพนม จ. นครพนม มี อายุ 96 ปี (ณ พ.ศ. 2566)\r\n- ตั้งชื่อตาม ท่านขุนอร่ามรัษฎากร ผู้สร้างถนนจากหน้าวัดตรงไปถึงแม่น้ำโขง และซุ้มประตูหลังนี้\r\n- เป็นประตูแบบตะวันตก และศิลปภูมิปัญญาท้องถิ่นโดย พระครูศิลาภิรัต\r\n- เก่าและสวยงาม มียักษ์สองตนเฝ้าประตูด้านหน้า (ทิศตะวันออก)\r\n- ทิศตะวันตกของซุ้มประตูคือ วัดพระธาตุพนมวรมหาวิหาร และทิศตะวันออกเป็นถนนไปสู่แม่น้ำโขง\r\n- สร้าง พ.ศ. 2470 บูรณะล่าสุด พ.ศ. 2548', 'ตำบล ธาตุพนม อำเภอ ธาตุพนม นครพนม 48110', 16.94284597, 104.72785639, 8, 1, '2024-09-26 13:45:48', 1, 1),
(18, 'วัดพระธาตุพนมวรมหาวิหาร', 'สถานที่แสวงบุญของชาวพุทธ มีเจดีย์อันวิจิตรที่สูงตระหง่านและเทศกาลประจำปี', '183 13 หมู่ที่ 13 ถ. ชยางกูร ตำบล ธาตุพนม อำเภอ ธาตุพนม นครพนม 48110', 16.94266853, 104.72402357, 8, 1, '2024-09-26 13:48:58', 1, 1),
(19, 'สถูปอิฐพระธาตุพนมองค์เดิม', 'สถูปอิฐพระธาตุพนมองค์เดิม  บนเกาะกลางสระน้ำ ภายในเก็บรักษาเศษอิฐปูน ของพระธาตุพนมองค์เดิมที่ล้มทลายที่มีอายุกว่า 2,500 ปี ไว้ไม่ให้สูญหาย\r\n- เนื่องจากโครงสร้างขององค์พระธาตุเดิม ได้เสื่อมตามกาลเวลา พร้อมกับมีแผ่นดินไหวในเดือน มี.ค. 251', 'ตำบล ธาตุพนม อำเภอ ธาตุพนม นครพนม 48110', 16.94350709, 104.72621152, 8, 1, '2024-09-26 13:57:09', 1, 0),
(20, 'ชุมชนท่องเที่ยวโอท๊อปนวัตวิถี', 'โทร 0998024041', 'บ้านดอนนางหงส์ท่า หมู่7 ตำบล ดอนนางหงส์ อำเภอ ธาตุพนม นครพนม 48110', 17.09380942, 104.76106591, 8, 1, '2024-09-26 13:58:10', 1, 1),
(23, 'กาละแมรุ่งพลอย ของฝากธาตุพนม', 'โทร 0862221666', '39 หมู่ 14 ตำบล ธาตุพนม อำเภอ ธาตุพนม นครพนม 48110', 16.94348664, 104.72795303, 8, 4, '2024-09-26 14:05:51', 1, 0),
(24, 'กะละแมทูลใจ Kalamæ thūl cı', 'กาละแมขึ้นชื่อของอ.ธาตุพนม เนื้อสัมผัสนุ่มเนียน ไม่เหนียว หอม ร้านขายของฝากที่ต้องแวะเมื่อมากราบพระธาตุพนม ', '49 หมู่ 14, ถนนพนมพนารักษ์, ตำบลธาตุพนม อำเภอธาตุพนม จังหวัดนครพนม, 48110 โทร 0817990091', 16.93898560, 104.72192707, 8, 4, '2024-09-26 14:07:18', 1, 1),
(25, 'ร้านพรประเสริฐ', 'อร่อย เนื้อนุ่มละมุน หวาน', 'ตำบล ธาตุพนม อำเภอ ธาตุพนม นครพนม 48110', 16.94765952, 104.72477038, 8, 4, '2024-09-26 14:08:57', 1, 1),
(26, 'ร้านซัมเป้​ กรอบรูป​ ของฝากของที่ระลึก', 'โทร 0906126610', '229ม.14ต.ธาตุพนม​อ.ธาตุพนม​จ นครพนม', 16.94295389, 104.72850934, 8, 4, '2024-09-26 14:10:21', 1, 1),
(27, 'พระธาตุนคร', 'วัดพระธาตุนครเป็นสถานที่ศักดิ์สิทธิ์ที่สำคัญของนครพนม เป็นที่สักการะของชาวบ้านในพื้นที่ มีองค์พระธาตุที่ตั้งอยู่ริมฝั่งแม่น้ำโขง เป็นจุดท่องเที่ยวสำคัญสำหรับผู้ที่สนใจศาสนาและประวัติศาสตร์', 'ซอย อนุศาตร์ประดิษฐ์ ตำบล ในเมือง อำเภอเมืองนครพนม นครพนม 48000', 17.39133643, 104.79249970, 1, 1, '2024-09-26 07:59:33', 1, 1),
(28, 'ลานพญาศรีสัตตนาคราช', 'ตั้งอยู่ริมแม่น้ำโขง เป็นรูปปั้นพญานาคขนาดใหญ่ที่สวยงาม เป็นสัญลักษณ์ของความเชื่อและศรัทธาของชาวนครพนม ถือเป็นจุดเช็คอินและถ่ายรูปยอดนิยมในอำเภอเมือง', 'ถนนสุนทรวิจิตร ริมฝั่งแม่น้ำโขง ตำบลในเมือง อำเภอเมืองนครพนม จังหวัดนครพนม 48000', 17.39938433, 104.79054332, 1, 1, '2024-09-26 08:02:17', 1, 1),
(29, 'พิพิธภัณฑ์จวนผู้ว่าราชการจังหวัดนครพนม', 'เป็นสถานที่ที่รวบรวมเรื่องราวและประวัติศาสตร์ของจังหวัดนครพนม มีการจัดแสดงวัตถุโบราณและเรื่องราวที่เกี่ยวข้องกับผู้ว่าราชการจังหวัดคนแรก และการพัฒนาของพื้นที่นี้', 'ถนนสุนทรวิจิตร ตำบลในเมือง อำเภอเมืองนครพนม จังหวัดนครพนม 48000', 17.41607234, 104.77984428, 1, 1, '2024-09-26 08:09:41', 1, 1),
(30, 'หอนาฬิกาเวียดนามอนุสรณ์', 'เป็นหอนาฬิกาอนุสรณ์ที่สร้างขึ้นเพื่อรำลึกถึงการอพยพของชาวเวียดนามที่มาพำนักในนครพนม เป็นสถานที่ที่นักท่องเที่ยวมักจะมาเยี่ยมชมและถ่ายภาพ', 'ถนนอภิบาลบัญชา ตำบลในเมือง อำเภอเมืองนครพนม จังหวัดนครพนม 48000', 17.40383708, 104.78777467, 1, 1, '2024-09-26 08:11:07', 1, 1),
(32, 'พิพิธภัณฑ์สัตว์น้ำจืด หนองญาติ', 'มีพันธุ์ปลาน้ำจืด ที่อยู่ในแม่น้ำโขงหลากหลาย เหมาะสำหรับเด็กๆ', 'ตำบล หนองญาติ อำเภอเมืองนครพนม นครพนม 48000', 17.37402170, 104.73672359, 1, 1, '2024-09-26 08:15:29', 1, 1),
(33, 'ฟอร์จูน ริเวอร์วิว นครพนม', 'โรงแรมหรูระดับ 4 ดาว ริมแม่น้ำโขง มีบริการห้องพักสะดวกสบาย พร้อมวิวแม่น้ำ', '9 ถนนนครพนม-ธาตุพนม ตำบลในเมือง อำเภอเมืองนครพนม จังหวัดนครพนม 48000', 17.38241862, 104.79387377, 1, 2, '2024-09-26 09:50:45', 1, 1),
(35, 'เดอะ ริเวอร์ นครพนม', 'โรงแรมระดับ 3 ดาว บริการห้องพักพร้อมสิ่งอำนวยความสะดวกครบครัน ใกล้แหล่งท่องเที่ยวในตัวเมือง', '250/1 ถนนนครพนม-ธาตุพนม ตำบลในเมือง อำเภอเมืองนครพนม จังหวัดนครพนม 48000', 17.37654436, 104.79420699, 1, 2, '2024-09-26 09:54:10', 1, 1),
(37, 'ฟอร์จูน วิลล์ นครพนม', 'โรงแรมเครือเดียวกับฟอร์จูน ริเวอร์วิว แต่เป็นสไตล์บูติก ตั้งอยู่ใจกลางเมือง ให้บริการห้องพักทันสมัยและสะดวกสบาย', '2 ถนนบำรุงเมือง ตำบลในเมือง อำเภอเมืองนครพนม จังหวัดนครพนม 48000', 17.40530000, 104.77890000, 1, 2, '2024-09-26 10:01:22', 1, 1),
(38, 'ไอโฮเท็ล', 'โรงแรมบรรยากาศผ่อนคลายแห่งนี้ตั้งอยู่บนทางหลวงอันร่มรื่น โดยห่างจากสถานีขนส่งนครพนม 7 กม. พิพิธภัณฑ์สัตว์น้ำจืดโลกของปลาแม่น้ำโขง 10 กม. และพิพิธภัณฑ์โฮจิมินห์ 8 กม.\r\n', 'ตำบล หนองญาติ อำเภอเมืองนครพนม นครพนม', 17.35800924, 104.78926552, 1, 2, '2024-09-26 10:03:49', 1, 1),
(39, 'ครัวเวียดนาม', 'ร้านอาหารเวียดนามชื่อดังที่ขึ้นชื่อเรื่องอาหารอร่อยและเมนูพื้นบ้าน เช่น แหนมเนือง ปอเปี๊ยะสด และบั่นแบ๋ว บรรยากาศร้านเรียบง่าย', ' 459/1 ถนนอภิบาลบัญชา ตำบลในเมือง อำเภอเมืองนครพนม จังหวัดนครพนม 48000', 17.40610000, 104.77830000, 1, 3, '2024-09-26 12:57:43', 1, 1),
(42, 'กาแฟบ้านนาคาเฟ่', 'ร้านกาแฟและอาหารกลางวัน บรรยากาศอบอุ่น ตกแต่งด้วยสไตล์บ้านไม้ มีเมนูอาหารและเครื่องดื่มมากมาย เช่น กาแฟสด อาหารเช้า และอาหารเวียดนาม\r\n', '76 ถนนสุนทรวิจิตร ตำบลในเมือง อำเภอเมืองนครพนม จังหวัดนครพนม 48000', 17.40705000, 104.78372000, 1, 3, '2024-09-26 13:00:40', 1, 1),
(43, 'อาหารครัวโขง', 'ร้านอาหารที่เน้นเสิร์ฟอาหารพื้นเมืองอีสานแท้ ๆ พร้อมวิวแม่น้ำโขงสุดสวย เมนูแนะนำ ได้แก่ ต้มยำปลาน้ำโขง และหมูทอด\r\n', 'ถนนสุนทรวิจิตร ตำบลในเมือง อำเภอเมืองนครพนม จังหวัดนครพนม 48000', 17.41160000, 104.77920000, 1, 3, '2024-09-26 13:01:56', 1, 1),
(48, 'ตลาดอินโดจีน', 'ตลาดท้องถิ่นที่มีทั้งของฝาก สินค้าแฟชั่น และสินค้าพื้นเมืองจากประเทศเพื่อนบ้าน เช่น เวียดนาม ลาว และจีน เป็นแหล่งช้อปปิ้งยอดนิยม\r\n', 'ถนนสุนทรวิจิตร ตำบลในเมือง อำเภอเมืองนครพนม จังหวัดนครพนม 48000', 17.41210000, 104.78000000, 1, 4, '2024-09-26 13:08:50', 1, 1),
(51, 'สวนสาธารณะบ้านแพง', 'สวนสำหรับเดินเล่นและพักผ่อน เหมาะสำหรับครอบครัว', 'ตำบลบ้านแพง อำเภอบ้านแพง จังหวัดนครพนม', 17.79370000, 104.37690200, 2, 1, '2024-09-26 13:28:34', 1, 1),
(59, 'น้ำตกตาดโพธิ์', ' น้ำตกตาดโพธิ์เป็นน้ำตกขนาดเล็ก อยู่ล่างสุดของ อช ภูลังกา บ้านแพง เดินไม่ไกลจากสำนักงานอุทยาน', 'ตำบล ไผ่ล้อม อำเภอ บ้านแพง นครพนม 48140', 17.98537488, 104.14007083, 2, 1, '2024-09-27 07:20:30', 1, 1),
(61, 'ถ้ำนาคี นครพนม(Nakee Cave)', 'ถ้ำนาคี อยู่ในพื้นที่ อุทยานแห่งชาติภูลังกา จ.นครพนม สำหรับผู้ที่ต้องการไปท่องเที่ยวหรือสายมูที่ต้องการมาชุบตัวที่บ่อพญานาคี ต้องชำระค่าธรรมเนียมอุทยานฯ ทางด้านหน้า ผู้ใหญ่คนละ 20 บาท ค่าจอดรถยนต์คันละ 30 บาท ควรไปช่วงเช้า เนื่องจากทางเดินไม่กว้างนัก จะได้ไม่ต้องเบียดกัน', 'ตำบล ไผ่ล้อม อำเภอ บ้านแพง นครพนม 48140', 17.98490720, 104.12737980, 2, 1, '2024-09-27 07:29:09', 1, 1),
(67, 'จุดชมวิว ผานาคี', 'ผานาคี ถ้ำนาคี ความสวยงามตามธรรมชาติ ที่ไม่ควรพลาด บ้านแพน นครพนม\r\n#แหล่งเดินป่าปีนเขา', 'ตำบล ไผ่ล้อม อำเภอ บ้านแพง นครพนม 48140', 17.98569880, 104.12802733, 2, 1, '2024-09-27 07:32:45', 1, 1),
(68, 'อุทยานแห่งชาติภูลังกา', 'อุทยานแห่งชาติภูลังกา อำเภอบ้านแพง นครพนม\r\nเดินทางจากตัวเมืองนครพนม ใช้เวลาประมาณ 1 ชั่วโมง ถนนดี สะดวก รถไม่เยอะ\r\nวันธรรมดา นักท่องเที่ยวไม่หนาแน่น\r\nมีเส้นทางศึกษาธรรมชาติราดยางมะตอย เดินสะดวก ร่มรื่น มีต้นไม้ใหญ่และช่วงฤดูฝนจะพบเห็นน้ำตกข้างทางได้ในระยะใกล้\r\nสามารถเดินต่อไปชมถ้ำนาคีได้สะดวก สบาย ติดต่อไกด์อาสา บริเวณจุดลงทะเบียน อุทยานฯ\r\n#อุทยานแห่งชาติ', 'ตำบล ไผ่ล้อม อำเภอ บ้านแพง นครพนม 48140', 17.98476287, 104.14021969, 2, 1, '2024-09-27 07:35:47', 1, 0),
(69, 'ครัวริมโขง', 'บรรยากาศดีวิวริมโขง บริการดี อาหาร อร่อย ราคาไม่แพง', 'ตำบล นาแข อำเภอ บ้านแพง นครพนม 48140', 17.89863416, 104.25436471, 2, 3, '2024-09-27 07:38:57', 1, 1),
(70, '3039 นาคี สเตชั่น Nakee station Bistro&Bar', 'ใครแวะมาถ้ำนาคี ต้องการที่พักดีๆ สะอาด บรรยากาศดีอาหารอร่อย (มาก) แวะมาได้เลยค่า ที่นีีบริการดีมาก ใส่ใจเราทุกอย่าง ให้คำแนะนำดีๆสำหรับการขึ้นถ้ำ', 'ตำบล ไผ่ล้อม อำเภอ บ้านแพง นครพนม 48140', 17.98253688, 104.14455122, 2, 3, '2024-09-27 07:44:38', 1, 1),
(72, 'Florence home style ฟลอเร้นท์ บ้านพ่อโฮมสเตย์', 'เวลาเช็คอิน: 14:00\r\nเวลาเช็คเอาต์: 12:00\r\nโทร 0837832273', 'ตำบล บ้านแพง อำเภอ บ้านแพง นครพนม', 17.95020731, 104.22450652, 2, 2, '2024-09-27 07:58:17', 1, 1),
(73, '3039 Nakee Base Camp - นาคี เบสแคมป์', 'โทร 0869654655', 'บ้านนาโพธิ์ 187 ม.3 อำเภอ บ้านแพง นครพนม 48140', 17.98283610, 104.14445071, 2, 2, '2024-09-27 08:01:27', 1, 1),
(74, 'ร้านแป๋ว ของชำร่วยและซุปเปอร์แวร์', 'โทร 0872231693\r\n#ร้านของที่ระลึก', '149 หมู่ที่ 4 อำเภอ บ้านแพง นครพนม 48140 ', 17.96569474, 104.21648776, 2, 4, '2024-09-27 08:03:44', 1, 1),
(75, 'แม่อรแหนมหมูของฝากอำเภอบ้านแพง', 'โทร 0800096857', '26 บ้านดอนแพง อำเภอ บ้านแพง นครพนม 48140', 17.96620822, 104.22217471, 2, 4, '2024-09-27 08:04:58', 1, 1),
(76, 'สายชลขนมเทียนแก้ว ต้นตำรับสูตรชาววัง', '#ร้านขนม', '357/4 ถ.แพงพิทักษ์ ต.บ้านแพง อำเภอ บ้านแพง นครพนม 48140', 17.96629738, 104.21291567, 2, 4, '2024-09-27 08:05:43', 1, 1),
(77, 'แหล่งเรียนรู้รอยเท้าไดโนเสาร์ ท่าอุเทน', 'เป็นเหมืองหินเก่าที่บังเอิญเจอรอยเท้าไดโนเสาร์เเละจระเข้ยุคครีเตเซียส เห็นรอยเท้าขนาดเล็กหลายรอย ต้องสังเกตุดีๆ มีhighlight เป็นเเถบปื้นสีเข้มให้มองเเนวทางเดินชัดขึ้น\r\n#พิพิธภัณฑ์โบราณคดี·', 'ตำบล พนอม อำเภอ ท่าอุเทน นครพนม 48120', 17.71286632, 104.38167674, 3, 1, '2024-09-27 16:05:56', 1, 1),
(78, 'วัดพระธาตุท่าอุเทน นครพนม', 'พระธาตุประจำคนเกิดวันศุกร์ ริมแม่น้ำโขง วันที่ไปมีแต่คนสูงอายุเดินทางมากราบสักการะ แสดงว่าที่นี่คนเก่าแก่เคารพบูชาเป็นยิ่ง', 'ตำบล ท่าอุเทน อำเภอ ท่าอุเทน นครพนม 48120', 17.58171104, 104.59103674, 3, 1, '2024-09-28 05:58:57', 1, 1),
(79, 'สะพานมิตรภาพไทย-ลาว แห่งที่ 3', 'พื้นที่ฝั่งไทย ที่บ้านห้อม ตำบลอาจสามารถ อำเภอเมืองนครพนม จังหวัดนครพนม ฝั่งลาวอยู่ที่บ้านเวินใต้ เมืองท่าแขก แขวงคำม่วน เป็นเส้นทางการคมนาคมขนส่งด้านการค้า และการท่องเที่ยวเชื่อมโยงจากประเทศไทย', 'จังหวัด นครพนม-มุกดาหาร ตำบล โนนตาล อำเภอ ท่าอุเทน นครพนม 48120', 17.48482546, 104.72983527, 3, 1, '2024-09-28 06:07:10', 1, 1),
(80, 'บึงมอคาเฟ่ แอนด์ เรสเตอรองก์', 'ร้านอาหารสุดหรูในอำเภอท่าอุเทนติดบึงเล็ก  ๆ ไม่ติดริมแม่น้ำโขง  ร้านแต่งสวยมาก   มีห้องประชุมด้วย  ตอนเย็นมีดนตรีสดให้ฟัง \r\nโทร 0985845028', 'ตำบล ท่าอุเทน อำเภอ ท่าอุเทน นครพนม 48120', 17.57733225, 104.58966652, 3, 3, '2024-09-28 16:51:30', 1, 1),
(82, 'สวนอาหารปากน้ำ', 'อยู่ปากน้ำสงครามติดริมโขง  บรรยากาศดี ริมน้ำโขง ทางผ่านก่อนเข้า บึงโขงหลง', '67 หมู่ที่ 1 ตำบล ไชยบุรี อำเภอ ท่าอุเทน นครพนม 48120', 17.65326903, 104.46415017, 3, 3, '2024-09-29 05:22:39', 1, 1),
(83, 'โรงแรมมาคอว์ อินน์ - Macaw Inn Hotel', 'โทร 0629894955\r\nhttps://www.facebook.com/macaw.inn.9', '114 หมู่1 อำเภอ ท่าอุเทน นครพนม 48120', 17.56897007, 104.60354162, 3, 2, '2024-09-29 05:29:24', 1, 1),
(84, 'Siam Grand Hotel Nakhonphanom (โรงแรมสยามแกรนด์)', 'เวลาเช็คอิน: 13:00\r\nเวลาเช็คเอาต์: 12:00', 'ทางหลวงจังหวัด นครพนม-มุกดาหาร ตำบล หนองแสง อำเภอเมืองนครพนม นครพนม 48000', 17.42638399, 104.76563897, 1, 2, '2024-09-29 05:31:22', 1, 0),
(85, 'โรงแรมท่าอุเทนริมโขง', 'http://www.xn--22cjb6dam7cdmbe1juc6a8cxhkpp4i.com/\r\nโทร 0844289883', '111 1 ตำบล ท่าอุเทน อำเภอ ท่าอุเทน นครพนม 48120', 17.57349665, 104.60719160, 3, 2, '2024-09-29 05:34:20', 1, 1),
(86, 'ตลาดนัด(ไทย-ลาว)อำเภอท่าอุเทน', 'ตลาดนัดไทยลาวเปิดเฉพาะวัน จันทร์และวันพฤหัส มาช่วงเช้าๆ สินค้าของพี่น้องชาวลาวจะขายอยู่บนฟุตบาท ที่อยู่ริมน้ำ เลือกซื้อได้ตามใจชอบมีหลากหลาย ตามฤดูกาล เปลี่ยนไปเรื่อยๆ เป็นตลาดที่ไม่ควรพลาดในการมาท่องเที่ยวและซื้อหาสินค้า', 'ตำบล ท่าอุเทน อำเภอ ท่าอุเทน นครพนม 48120', 17.57513632, 104.60385962, 3, 4, '2024-09-29 05:41:52', 1, 1),
(90, 'พิพิธภัณฑ์หลวงปู่ตื้อ', 'ภายในสวยงาม โปร่ง  เนื้อที่กว้างขวาง มีรูปหล่อหลวงปู่ตื้อ และวัตถุมงคลหลวงปู่ตื้อให้ชมแทบครบทุกรุ่น  ภายในให้แสงไฟสวยงามมาก วัดเงียบสงบ เป็นวัดบ้านเกิดของหลวงปู่ตื้อ พระกรรมฐานองค์สำคัญของสายหลวงปู่มั่นที่มีปฏิภาณไหวพริบความตรงไปตรงมาในการแสดงธรรม \r\nโทร 0875751697\r\n#พิพิธภัณฑ์\r\n', 'วัดป่าอรัญญวิเวก, ตำบลบ้านข่า อำเภอศรีสงคราม จังหวัดนครพนม, 48150', 17.64376263, 104.12384818, 4, 1, '2024-09-29 05:58:29', 1, 1),
(93, 'รีสอร์ท Masterkey Resort ศรีสงคราม', 'https://www.facebook.com/profile.php?id=61557044557667&mibextid=ZbWKwL\r\nโทร 0626322300', '854 7 ตำบล ศรีสงคราม อำเภอ ศรีสงคราม นครพนม 48150', 17.62849724, 104.25426641, 4, 2, '2024-09-29 06:05:26', 1, 1),
(94, 'ธนภัทรรีสอร์ท 650', 'โทร 0868599028', 'J7G8+5CP ตำบล ศรีสงคราม อำเภอ ศรีสงคราม นครพนม 48150', 17.62546721, 104.26609580, 4, 2, '2024-09-29 06:07:34', 1, 1),
(95, 'เดอะกรีนรีสอร์ต The Green Resort', 'โทร 0864384364\r\nhttps://line.me/ti/p/WNSRKPjUY7', '326 อำเภอ ศรีสงคราม นครพนม 48150', 17.62174089, 104.24061615, 4, 2, '2024-09-29 06:09:26', 1, 1),
(96, 'อิชิ ชาบู (ICHI SHABU) @ศรีสงคราม', 'บุฟเฟ่ต์ ผู้ใหญ่ 219.- เด็ก 119.- รวมเครื่องดื่ม', '789 อำเภอ ศรีสงคราม นครพนม 48150', 17.62809764, 104.25292028, 4, 3, '2024-09-29 06:13:58', 1, 1),
(97, 'ครัวบ้านสวน', 'ร้านอาหารติดกับ บ้านพัก\r\nรสชาติอาหารดี แต่พวกต้มยำ ยำรวมมิตรขาดรสเปรี้ยวที่ผมชอบไป\r\nราคา ไม่แพง\r\nบรรยากาศดี กว้างขวาง โปร่งสบาย', 'ถนน เทศบาล 2 ตำบล ศรีสงคราม อำเภอ ศรีสงคราม นครพนม 48150', 17.62175347, 104.25826309, 4, 3, '2024-09-29 06:16:51', 1, 1),
(98, 'กาญจนาวดี Restaurant', 'ร้านอาหารวิวสวย บรรยากาศน่ารัก มุมถ่ายรูปเยอะ อยู่ในพื้นที่ของรีสอร์ทกาญนาวดี ตำบลบ้านข่า\r\nโทร 0847896030', '254 ตำบล บ้านข่า อำเภอ ศรีสงคราม นครพนม 48150', 17.64445220, 104.11939784, 4, 3, '2024-09-29 06:18:39', 1, 1),
(102, 'วัดธาตุประสิทธิ์', 'วันเข้าพรรษา มีหล่อเทียนพรรษาด้วย ไหว้พระธาตุประจำวันพฤหัส ธูป19ดอก ดอกไม้สีส้ม', '187 หมู่ 2 ตำบล นาหว้า อำเภอ นาหว้า นครพนม 48180', 17.48413554, 104.09741917, 5, 1, '2024-09-29 13:25:36', 1, 1),
(104, 'นิวบีบี วิจเลจ รีสอร์ท', 'รีสอร์ท ที่มีความเขียวธววมชาติสวยงาม รีสอร์ทใกล้แหล่งอำนวยความสะดวก', 'ตำบล นาหว้า อำเภอ นาหว้า นครพนม 48180', 17.47722116, 104.09882417, 5, 2, '2024-09-29 13:37:43', 1, 1),
(105, 'จินตนากรีนวิลล์', 'ตั้งอยู่ในสภาพแวดล้อมที่เน้นความเป็นธรรมชาติ มีพื้นที่สีเขียวและสวนที่สร้างความร่มรื่นให้แก่ผู้อยู่อาศัย โครงการแบบนี้มักจะเน้นความเป็นส่วนตัวและความปลอดภัย รวมถึงสิ่งอำนวยความสะดวกอย่างสระว่ายน้ำ สโมสร หรือสนามเด็กเล่น', 'ตำบล นางัว อำเภอ นาหว้า นครพนม', 17.45935428, 104.10552159, 5, 2, '2024-09-29 13:45:20', 1, 1),
(108, 'HOP INN Nakhon Phanom โรงแรมฮ็อป อินน์ นครพนม', 'https://www.hopinnhotel.com/\r\nโทร 026592899', '206, Subdistrict, 13 ถนนนิตโย ตำบล ในเมือง อำเภอเมืองนครพนม นครพนม 48000', 17.39712117, 104.78282492, 6, 2, '2024-09-29 16:07:34', 1, 1),
(109, 'ร้านเจ๊สำลี', 'ร้านเก่าแก่(ตอนนี้ปรับปรุงร้านใหม่แล้ว)  แม่ค้าบริการเป็นกันเอง\r\nโทร 0833354365', '315 หมู่ 14, ถนนท่าอุเทน-กุสุมาลย์, ตำบลโพนสวรรค์ อำเภอโพนสวรรค์ จังหวัดนครพนม, 48190', 17.44919554, 104.45076113, 6, 3, '2024-09-29 16:10:19', 1, 1),
(112, 'รอยเหมือนพระพุทธบาทจำลองวัดอ่างมโนราห์', 'สถานที่ท่องเที่ยว', 'ตำบล หนองซน อำเภอ นาทม นครพนม 38220', 17.91586094, 104.13302814, 7, 1, '2024-09-29 16:21:30', 1, 1),
(113, 'วัดธาตุเรณู', 'พระธาตุประจำวันเกิดของผู้ที่เกิดวันจันทร์ วัดธาตุเรณูห่าง วัดพระธาตุพนมเพียง 17 กิโล', '59 ถนน แก้วโกมล ตำบล โพนทอง อำเภอ เรณูนคร นครพนม 48170', 17.04742837, 104.67654748, 9, 1, '2024-09-29 16:24:00', 1, 1),
(114, 'โรงแรม รีสอร์ท บ้านพักแสงทิพย์ อำเภอเรณูนคร จังหวัดนครพนม', 'โทร 0937719787', 'เรณู 240 หมู่ 3 อำเภอ เรณูนคร นครพนม 48170', 17.07225964, 104.67837588, 9, 2, '2024-09-29 16:26:43', 1, 1),
(115, 'ธารารีสอร์ท นาแกเรณู Tara Resort Nakae Renu', 'เวลาเช็คอิน: 14:00\r\nเวลาเช็คเอาต์: 12:00\r\nโทร 0896847754', 'ตำบล ท่าลาด อำเภอ เรณูนคร นครพนม', 17.01354671, 104.56991182, 9, 2, '2024-09-29 16:27:26', 1, 1),
(118, 'ขนมจีนพิสมัย', 'ร้านขนมจีนน้ำปลาร้า น้ำกะปิ สไตล์เรณูนคร', 'ตำบล โพนทอง อำเภอ เรณูนคร นครพนม 48170', 17.05524392, 104.67555206, 9, 3, '2024-09-29 16:32:03', 1, 1),
(120, 'จุดชมวิวลานหินผาเป้า (ทางขึ้นอยู่ฝั่งนาแก)', 'จุดชมวิว ผาเป้า ผาแดง   ธรรมชาติสวยงาม ไม่ไกลจากมุกดาหาร\r\nสามารถขับรถขึ้นไปชมทั้งวิว พระอาทิตย์ ขึ้น และตก\r\n#จุดชมวิว', 'ตำบล หนองบ่อ อำเภอ นาแก นครพนม 48130', 16.93495036, 104.31399520, 10, 1, '2024-09-30 13:57:03', 1, 1),
(121, 'น้ำตกแก่งสูง', 'น้ำตกอยู่กลางป่ายางชาวบ้านเขา\r\n#สถานที่ท่องเที่ยว #น้ำตก', 'ตำบล พุ่มแก อำเภอ นาแก นครพนม 48130', 16.87993018, 104.61307103, 10, 1, '2024-09-30 13:59:38', 1, 1),
(122, 'วัดพระธาตุศรีคุณ', 'วัดพระธาตุศรีคูณ อำเภอนาแก จังหวัดนครพนม: ประวัติศาสตร์และความสำคัญ\r\nวัดพระธาตุศรีคูณ เป็นหนึ่งในสถานที่ศักดิ์สิทธิ์คู่บ้านคู่เมืองของชาวอำเภอนาแก จังหวัดนครพนม มีประวัติความเป็นมายาวนานและมีความสำคัญทางศาสนาและวัฒนธรรม\r\nประวัติโดยย่อ\r\n* การค้นพบ: พระธาตุศรีคูณถูกค้นพบโดยชาวบ้านเมื่อปี พ.ศ. 2350\r\n* การบูรณะ: ได้มีการบูรณะพระธาตุครั้งใหญ่เมื่อปี พ.ศ. 2486-2490 โดยสร้างโครงสร้างครอบองค์พระธาตุเดิม\r\n* ลักษณะ: มีลักษณะคล้ายกับพระธาตุพนม ความสูงประมาณ 24 เมตร ภายในบรรจุพระอรหันตธาตุของพระโมคคัลลานะ พระสารีบุตร และพระสังกัจจายนะ\r\n* ความเชื่อ: เป็นพระธาตุประจำวันของผู้ที่เกิดวันอังคาร เชื่อกันว่าผู้ที่มากราบไหว้จะได้รับอานิสงส์ให้มีศักดิ์ศรีและความสำเร็จในชีวิต\r\nความสำคัญ\r\n* ศูนย์รวมจิตใจ: เป็นที่เคารพสักการะของชาวอำเภอนาแกและผู้ที่เดินทางมาเยือน\r\n* ประวัติศาสตร์: สะท้อนให้เห็นถึงความเชื่อและวิถีชีวิตของผู้คนในอดีต\r\n* สถาปัตยกรรม: เป็นตัวอย่างของสถาปัตยกรรมแบบล้านช้างที่มีความงดงาม\r\nสิ่งที่น่าสนใจ\r\n* องค์พระธาตุ: มีความสวยงามอลังการและมีความหมายทางศาสนา\r\n* ภาพจิตรกรรมฝาผนัง: บอกเล่าเรื่องราวทางพุทธศาสนา\r\n* งานประเพณี: มีการจัดงานประเพณีต่างๆ ตลอดทั้งปี', 'ตำบล นาแก อำเภอ นาแก นครพนม 48130', 16.94488090, 104.49707581, 10, 1, '2024-09-30 14:01:04', 1, 1),
(123, 'แพงสีวิลล่า', 'โทร 0819541051\r\nhttps://www.facebook.com/pangsee.villa', 'เลขที่ 3 หมู่ 3 ตำบล นาแก อำเภอ นาแก,จังหวัด นครพนม', 16.93554508, 104.49519559, 10, 2, '2024-10-04 08:38:07', 1, 1),
(124, 'นาแกรีสอร์ท', 'โทร 0943601108', 'นาแกรีสอร์ท ตำบล นาแก อำเภอ นาแก นครพนม 48130', 16.94400586, 104.51325749, 10, 2, '2024-10-04 08:40:26', 1, 1),
(125, 'อมรรัตน์ เพลส', '0934600413', '117 ถนน นาแก - ธาตุพนม นาแก อำเภอ นาแก นครพนม 48130', 16.94345603, 104.51195598, 10, 2, '2024-10-04 08:42:00', 1, 1),
(126, 'ล้านเส้นก๋วยเตี่ยวกะลา นาแก', '0817994628', '160หมู่4ต.นาแก อ.นาแก จ นครพนม', 16.94490747, 104.50671817, 10, 3, '2024-10-04 08:53:33', 1, 1),
(127, 'เป็ดย่างเศรษฐี @ นาแก', 'เป็นร้านอาหารที่แตกแต่งร้านและบรรยากาศรอบๆ คล้ายกับคาเฟ่ ร้านโล่ง เบ็นสบาย สะอาดน่านั่ง  พึ่งเปิดได้ไม่นาน ส่วนเมนูเด็ดของร้าน ประเภทข้าวขอแนะนำข้าวหมูกรอบ ข้าวหน้าเป็ด  ส่วนเมนูเส้นขอแนะนำบะหมี่หมูกรอบ บะหมีเป็ดย่า', '583 ตำบล นาแก อำเภอ นาแก นครพนม 48130', 16.94502547, 104.50596623, 10, 3, '2024-10-04 09:02:53', 1, 1),
(131, 'พระมหาธาตุเจดีย์โฆสปัญโญศรีพนม', 'พระมหาธาตุเจดีย์ วัดโฆสมังคลาราม\r\nเป็นเจดีย์ รูปทรงคล้ายภูเขาทอง ในกรุงเทพฯ ภายในเจดีย์แต่ละชั้นประดับตกแต่งสวยงาม\r\nโดยเฉพาะขั้นที่ 3 ภายในประดับด้วยภาพเขียนเล่าเรื่องราวรามเกียรติ์ สวยงามมาก\r\nด้านบนสุด มองเห็นวิว 360 องศา พื้นที่ อ.ปลาปาก วังยาง นาแก มองเห็นทิวเขา อช.ภูผายล', 'วัดโฆสมังคลาราม ตำบล โคกสว่าง อำเภอ ปลาปาก นครพนม 48160', 17.11762646, 104.45607896, 11, 1, '2024-10-04 09:21:44', 1, 1),
(141, 'ร้านชาพะยอม @ปลาปาก อร่อย หอมหวาน', 'ร้านอาหารของเรามีบริการที่หลากหลายเพื่อให้ลูกค้าได้รับประสบการณ์ที่ดีที่สุด ซึ่งรวมถึง:ที่นั่งกลางแจ้ง ที่สามารถนั่งพักผ่อนท่ามกลางบรรยากาศธรรมชาติ\r\nสั่งกลับบ้าน เพื่อความสะดวกในการรับประทานอาหารที่บ้าน\r\nนั่งรับประทานที่ร้าน สำหรับผู้ที่ต้องการสัมผัสบรรยากาศของร้านโดยตรง', 'ตำบล ปลาปาก อำเภอ ปลาปาก นครพนม 48160', 17.18931494, 104.52603332, 11, 3, '2024-10-05 00:24:05', 1, 1),
(195, 'ประตูโขง ธาตุพนม ', 'ประตูโขงธาตุพนม หน้าวัดพระธาตุพนม ', 'ตั้งอยู่ที่ตำบลธาตุพนม อำเภอธาตุพนม จังหวัดนครพนม ประเทศไทย', 16.94284453, 104.72784714, 8, 1, '2024-10-15 04:28:49', 1, 1),
(196, 'สะพานมิตรภาพ 3 (นครพนม - คำม่วน)', 'เป็นเส้นทางหลักสำหรับนักท่องเที่ยวที่ต้องการเดินทางจากประเทศไทยไปยังเมืองท่าแขกในลาว หรือต่อไปยังเวียดนาม ใกล้กับแหล่งท่องเที่ยวสำคัญในจังหวัดนครพนม ถนนคนเดินนครพนม ลานพญาศรีสัตตนาคราช ช่วยเสริมสร้างความสัมพันธ์อันดีระหว่างสองประเทศ', 'ทางหลวงจังหวัด นครพนม-มุกดาหาร ตำบล โนนตาล อำเภอ ท่าอุเทน นครพนม 48120', 17.48483438, 104.72987127, 3, 1, '2024-10-16 16:35:27', 1, 1),
(197, 'สวนสาธารณะและหาดทรายทองศรีโคตรบูรณ์', 'สวนสาธารณะและหาดทรายทองศรีโคตรบูรณ์เป็นสถานที่ท่องเที่ยวที่โดดเด่นของนครพนม เหมาะสำหรับการพักผ่อนและทำกิจกรรมท่ามกลางบรรยากาศธรรมชาติ โดยเฉพาะในช่วงหน้าแล้งที่หาดทรายทองจะปรากฏอย่างงดงามริมฝั่งแม่น้ำโขง', 'ตำบล ในเมือง อำเภอเมืองนครพนม นครพนม', 17.41636814, 104.78022626, 1, 1, '2024-10-16 16:47:52', 1, 1),
(198, 'หอสมุดแห่งชาติเฉลิมพระเกียรติ', 'หอสมุดแห่งชาติเฉลิมพระเกียรติ จังหวัดนครพนม เป็นศูนย์กลางการเรียนรู้และแหล่งข้อมูลสำคัญของจังหวัด เหมาะสำหรับนักเรียน นักศึกษา และประชาชนที่ต้องการหาความรู้หรือใช้เวลาว่างไปกับการอ่านหนังสือ รวมถึงกิจกรรมส่งเสริมทักษะการเรียนรู้ต่างๆ ที่จัดขึ้นอย่างสม่ำเสมอ', 'ตำบล ในเมือง อำเภอเมืองนครพนม นครพนม 48000', 17.40852666, 104.77976055, 1, 1, '2024-10-16 16:49:57', 1, 1),
(201, 'รองอาสนวิหารนักบุญอันนา หนองแสง', 'รองอาสนวิหารนักบุญอันนา หนองแสง เป็นสถานที่ที่มีความงดงามทั้งในด้านสถาปัตยกรรมและความสำคัญทางศาสนา นอกจากจะเป็นสถานที่ประกอบพิธีทางศาสนาของชุมชนคริสต์ในนครพนมแล้ว ยังเป็นแหล่งท่องเที่ยวที่ควรแวะเยี่ยมชม ด้วยความสงบและความงามที่ดึงดูดใจทุกคนที่มาเยือน', 'ตำบล ในเมือง อำเภอเมืองนครพนม นครพนม 48000', 17.42101265, 104.77585766, 1, 1, '2024-10-16 17:05:56', 1, 1),
(202, 'อนุสรณ์สถานประธานโฮจิมินห์', 'อนุสรณ์สถานประธานโฮจิมินห์ ตั้งอยู่ที่จังหวัดนครพนม เป็นสถานที่สำคัญทางประวัติศาสตร์ที่แสดงถึงความสัมพันธ์ทางการเมืองและวัฒนธรรมระหว่างประเทศไทยและเวียดนาม โดยมีความเกี่ยวข้องกับการพำนักของ ประธานโฮจิมินห์ ในช่วงหนึ่งขณะลี้ภัยจากการต่อสู้เพื่ออิสรภาพของเวียดนาม', 'ตำบล หนองญาติ อำเภอเมืองนครพนม นครพนม 48000', 17.37672203, 104.75784419, 1, 1, '2024-10-16 17:17:43', 1, 1),
(204, 'วัดพระธาตุมหาชัย', 'วัดพระธาตุมหาชัย เป็นวัดสำคัญและเป็นแหล่งท่องเที่ยวที่โดดเด่นในจังหวัดนครพนม ตั้งอยู่ใน อำเภอปลาปาก ซึ่งเป็นสถานที่ศักดิ์สิทธิ์ที่มีความสำคัญทางประวัติศาสตร์และศิลปวัฒนธรรม โดยเฉพาะในเรื่องความเชื่อเกี่ยวกับ พระธาตุ แหล่งที่มา /n https://www.wongnai.com/attractions/372135KR-%E0%B8%A7%E0%B8%B1%E0%B8%94%E0%B8%9E%E0%B8%A3%E0%B8%B0%E0%B8%98%E0%B8%B2%E0%B8%95%E0%B8%B8%E0%B8%A1%E0%B8%AB%E0%B8%B2%E0%B8%8A%E0%B8%B1%E0%B8%A2', 'Mahachai, Pla Pak District, Nakhon Phanom 48160', 17.27877146, 104.45900593, 11, 1, '2024-10-17 07:28:45', 1, 1),
(205, 'พระมหาธาตุเจดีย์วัดโฆษะมังคลาราม', 'พระมหาธาตุเจดีย์วัดโฆษะมังคลาราม เป็นวัดสำคัญอีกแห่งในจังหวัดนครพนม ซึ่งถือเป็นแหล่งศาสนสถานที่มีความโดดเด่นในด้านสถาปัตยกรรมและเป็นสถานที่ที่มีความสำคัญทางศาสนาและวัฒนธรรมสำหรับประชาชนในท้องถิ่น\r\nแหล่งที่มา /n https://www.nakhonpanom.com/prathat-kosapanyosriphanom/', 'วัดโฆสมังคลาราม ตำบล โคกสว่าง อำเภอ ปลาปาก นครพนม 48160', 17.11986203, 104.45584763, 11, 1, '2024-10-17 07:37:34', 1, 1),
(206, 'สวนคำแก้ว', ' เป็นสถานที่ท่องเที่ยวเชิงเกษตรที่น่าสนใจ เหมาะสำหรับผู้ที่ต้องการสัมผัสวิถีชีวิตเรียบง่ายแบบชนบทท่ามกลางธรรมชาติ และเรียนรู้เกี่ยวกับการเกษตรท้องถิ่นไปพร้อมกัน แหล่งที่ีมา /n https://web.facebook.com/photo/?fbid=472124307895802&set=pcb.472124367895796', 'โพนสวาง - วังยาง, อำเภอ ปลาปาก นครพนม 48160', 17.12490970, 104.47161642, 11, 2, '2024-10-17 07:54:32', 1, 1),
(207, 'ต้นจามจุรียักษ์ รุกขมรดกของแผ่นดิน', 'ต้นจามจุรียักษ์ 300 ปี เป็นหนึ่งในต้นไม้ใหญ่ที่มีอายุยืนยาวและมีคุณค่าทางธรรมชาติ วัฒนธรรม และสิ่งแวดล้อมของประเทศไทย ต้นจามจุรีหรือ ต้นก้ามปู นี้มีขนาดใหญ่เป็นพิเศษจนได้รับความสนใจอย่างมากในด้านการท่องเที่ยวเชิงอนุรักษ์และการดูแลต้นไม้สำคัญที่ถือเป็น รุกขมรดกของแผ่นดิน', 'Na Makhuea, Pla Pak District, Nakhon Phanom 48160', 17.23226482, 104.66580616, 11, 1, '2024-10-17 08:03:56', 1, 1),
(208, 'วัดพระธาตุเรณูนคร', 'วัดพระธาตุเรณูนครมักมีการจัดงานประเพณีสำคัญในช่วงวันพระใหญ่ เช่น วันมาฆบูชา และ วันวิสาขบูชา นอกจากนี้ยังมีงานบุญที่ยิ่งใหญ่ในช่วงเดือน 4 ของทุกปี ซึ่งเรียกว่า งานนมัสการพระธาตุเรณู มีประชาชนมาร่วมงานและสักการะพระธาตุเป็นจำนวนมาก แหล่งที่มา /n https://travel.trueid.net/detail/O9P00W5ZJ5O9', '59 ถนน แก้วโกมล Phon Thong, Renu Nakhon District, Nakhon Phanom 48170', 17.04742555, 104.67653291, 9, 1, '2024-10-17 08:10:39', 1, 1),
(209, 'พระธาตุสามร่มโพธ์ศรี', 'พระธาตุสามร่มโพธิ์ศรี เป็นอีกหนึ่งพระธาตุสำคัญในจังหวัดนครพนม ตั้งอยู่ในอำเภอเรณูนคร ถือเป็นสถานที่ศักดิ์สิทธิ์และแหล่งท่องเที่ยวเชิงวัฒนธรรมที่สะท้อนถึงความเชื่อและศรัทธาของชุมชนในพื้นที่ แหล่งที่มา /n ', 'Yot Chat, Wang Yang District, Nakhon Phanom 48130', 17.07219969, 104.36380916, 12, 1, '2024-10-17 08:18:34', 1, 1),
(210, 'พระธาตุศรีสงคราม', 'พระธาตุศรีสงคราม เป็นพระธาตุสำคัญที่ตั้งอยู่ใน อำเภอศรีสงคราม จังหวัดนครพนม มีความศักดิ์สิทธิ์และมีความสำคัญทางศาสนาและวัฒนธรรมของชุมชนในท้องถิ่น ถือเป็นหนึ่งในสถานที่ที่ดึงดูดนักท่องเที่ยวและผู้แสวงบุญจากทั่วประเทศ เนื่องจากความงดงามของสถาปัตยกรรมและความศรัทธาในพุทธศาสนา', 'Tha Bo Songkhram, Si Songkhram District, Nakhon Phanom 48150', 17.65383622, 104.21915907, 4, 1, '2024-10-17 08:26:03', 1, 1),
(211, 'วัดพระธาตุประสิทธิ์', 'วัดพระธาตุประสิทธิ์ เป็นสถานที่ศักดิ์สิทธิ์และมีความสำคัญอย่างยิ่งต่อชุมชน เหมาะสำหรับผู้ที่ต้องการทำบุญเสริมดวงและพักผ่อนใจในบรรยากาศสงบ นอกจากนี้ยังเป็นโอกาสที่ดีในการเรียนรู้วัฒนธรรมท้องถิ่นและสัมผัสศิลปะสถาปัตยกรรมล้านช้างที่งดงาม แหล่งที่มา /n ', '187 หมู่ 2 Na Wa, Na Wa District, Nakhon Phanom 48180', 17.48414545, 104.09742219, 5, 1, '2024-10-17 08:30:43', 1, 1),
(212, 'วัดพระธาตุโพนสวรรค์', 'วัดพระธาตุโพนสวรรค์ เป็นศาสนสถานสำคัญใน อำเภอโพนสวรรค์ จังหวัดนครพนม ซึ่งมีพระธาตุที่ชาวบ้านให้ความเคารพศรัทธาและเชื่อว่ามีความศักดิ์สิทธิ์ พระธาตุแห่งนี้เป็นสถานที่ที่ชาวบ้านและนักท่องเที่ยวนิยมมาทำบุญและขอพรเพื่อเสริมสิริมงคล แหล่งที่มา /n ', 'หมู่ 5, ตําบลโพนสวรรค์ อําเภอ Phon Sawan District, Nakhon Phanom 48190', 17.44846498, 104.44417396, 6, 1, '2024-10-17 08:36:05', 1, 1),
(214, 'SUAN KAM KAEW', '\"Suan Kam Kaew\" (สวนคำแก้ว) เป็นสถานที่ท่องเที่ยวที่ตั้งอยู่ในจังหวัดนครพนม ซึ่งเป็นสถานที่ท่องเที่ยวที่น่าสนใจในบริเวณภาคอีสานของประเทศไทย โดยเฉพาะอย่างยิ่งสำหรับผู้ที่ต้องการสัมผัสกับบรรยากาศธรรมชาติและการท่องเที่ยวเชิงเกษตร\r\n\r\n', 'โพนสวาง - วังยาง, อำเภอ ปลาปาก นครพนม 48160', 17.12491286, 104.47165097, 11, 3, '2024-10-19 08:03:40', 1, 1),
(216, 'เรือสำราญแม่โขงพาราไดซ์ครูซ', 'เรือสำราญแม่โขงพาราไดซ์ครูซ เป็นตัวเลือกที่ยอดเยี่ยมสำหรับนักท่องเที่ยวที่ต้องการประสบการณ์ที่พิเศษและหรูหรา พร้อมชมวิวธรรมชาติและสัมผัสกับวัฒนธรรมสองฝั่งโขงในคราวเดียว หากคุณสนใจ ควรจองล่วงหน้าเพื่อให้ได้ที่นั่งในช่วงเวลาที่ต้องการ', 'ถ. ชยางกูร ตำบล ในเมือง อำเภอเมืองนครพนม นครพนม 48000', 17.40203866, 104.78939792, 1, 1, '2024-10-19 08:13:17', 1, 1),
(217, 'วัดหัวเวียงรังษี', 'วัดหัวเวียงรังษี เป็นสถานที่ที่ผสมผสานระหว่างศาสนาและวัฒนธรรม ทำให้ผู้เยี่ยมชมได้สัมผัสทั้งความสงบและความงดงามของศิลปะไทย จึงเป็นจุดหมายปลายทางที่ไม่ควรพลาดสำหรับผู้ที่เดินทางมาเยือนจังหวัดนครพนม', 'Moo 2, Tambon That Phanom, Amphoe That Phanom, Nakhon Phanom, 48110, ตำบล ธาตุพนม อำเภอ ธาตุพนม นครพนม', 16.94834244, 104.72939341, 8, 1, '2024-10-19 08:18:07', 1, 1),
(219, 'ตลาดนัดไทยลาว จันทร์กับพฤหัสบดี', 'ตลาดนัดไทย-ลาวที่ธาตุพนมเป็นแหล่งท่องเที่ยวที่ผสมผสานระหว่างการช้อปปิ้งและการสัมผัสวิถีชีวิตของชาวไทยและลาว นักท่องเที่ยวที่มาเยือนนครพนมไม่ควรพลาดที่จะมาเยี่ยมชมและหาของฝากจากตลาดนี้', 'ตำบล ธาตุพนม อำเภอ ธาตุพนม นครพนม 48110', 16.95112105, 104.73011067, 8, 1, '2024-10-19 08:23:40', 1, 1),
(221, 'วัดมรุกขนคร', 'วัดมรุกขนครเป็นวัดที่มีความสำคัญทั้งด้านศาสนาและวัฒนธรรมในจังหวัดนครพนม นอกจากการสักการะพระพุทธรูปแล้ว นักท่องเที่ยวยังสามารถสัมผัสบรรยากาศสงบและเข้าร่วมกิจกรรมปฏิบัติธรรมได้ วัดนี้จึงเป็นอีกหนึ่งจุดหมายปลายทางที่ไม่ควรพลาดเมื่อมาเยือนนครพนม', 'ถ. ชยางกูร ตำบล ดอนนางหงส์ อำเภอ ธาตุพนม นครพนม 48110', 17.09666410, 104.76228400, 1, 1, '2024-10-19 08:54:24', 1, 1),
(222, 'วัดธาตุจําปา', 'เป็นวัดที่มีความสำคัญด้านศาสนาและวัฒนธรรมประจำท้องถิ่นของจังหวัดนครพนม ด้วยบรรยากาศที่สงบและร่มรื่น เหมาะสำหรับการทำบุญและปฏิบัติธรรม รวมถึงยังเป็นจุดหมายปลายทางที่น่าสนใจสำหรับผู้ที่ต้องการสัมผัสวิถีชีวิตและวัฒนธรรมอีสานอย่างแท้จริง', 'หมู่ 2, ตําบลโพนสวรรค์ อําเภอ อำเภอ โพนสวรรค์ นครพนม 48190', 17.47579544, 104.42463342, 6, 1, '2024-10-19 08:57:46', 1, 1),
(223, 'วัดไตรมิตร', 'วัดไตรมิตร ตำบลท่าอุเทน เป็นวัดที่มีความสำคัญต่อชุมชนและมีความงดงามตามแบบศิลปะอีสาน วัดนี้ไม่เพียงแต่เป็นศูนย์รวมจิตใจของชาวบ้าน แต่ยังเป็นสถานที่ที่เปิดโอกาสให้ประชาชนได้มาปฏิบัติธรรมและเข้าร่วมงานบุญในเทศกาลต่าง ๆ นักท่องเที่ยวที่มาเยือนอำเภอท่าอุเทนจึงไม่ควรพลาดการมาเยี่ยมชมวัดแห่งนี้.', 'ตำบล ท่าอุเทน อำเภอ ท่าอุเทน นครพนม 48120', 17.57091230, 104.60749602, 3, 1, '2024-10-19 09:03:55', 1, 1),
(224, 'วัดพุทธนิมิตร at ท่าอุเทน นครพนม', 'เป็นวัดที่มีความสำคัญและเงียบสงบ เหมาะแก่การมาปฏิบัติธรรมและร่วมกิจกรรมทางศาสนา ผู้มาเยือนสามารถสัมผัสบรรยากาศอันร่มรื่นและวิถีชีวิตที่เรียบง่ายของชุมชนท้องถิ่นได้อย่างแท้จริง วัดนี้จึงเป็นอีกหนึ่งจุดหมายที่น่าสนใจเมื่อมาเยือนอำเภอท่าอุเทนและจังหวัดนครพนม', 'ตำบล เวินพระบาท อำเภอ ท่าอุเทน นครพนม 48120', 17.75166840, 104.38889129, 3, 1, '2024-10-19 09:06:38', 1, 1),
(225, 'วัดภูพานอุดมธรร', 'วัดภูพานอุดมธรรม (ดานสาวคอยวนาราม) เป็นวัดที่ตั้งอยู่ในธรรมชาติอันเงียบสงบ เหมาะสำหรับผู้ที่ต้องการมาปฏิบัติธรรมและพักผ่อนจิตใจ ผู้มาเยือนจะได้สัมผัสกับบรรยากาศที่ร่มรื่นของป่าเขาภูพาน และเรียนรู้วิถีชีวิตชุมชนในบริเวณใกล้เคียง วัดนี้จึงเป็นอีกหนึ่งสถานที่ท่องเที่ยวที่น่าสนใจสำหรับผู้ที่ต้องการหลีกหนีความวุ่นวายของเมืองและพักผ่อนกับธรรมชาติ', 'ถนนท้องถิ่น นพ. บ้านนาปากคลอง-วัดภูพานด่าน-สาวคอย ตำบล นาแก อำเภอ นาแก นครพนม 48130', 16.88621387, 104.46864991, 10, 1, '2024-10-19 09:10:20', 1, 1),
(226, 'วัดธรรมบรรพต (วัดถ้ำพระเวส)', 'เป็นวัดที่มีความสำคัญด้านศาสนาและวัฒนธรรม ตั้งอยู่ท่ามกลางธรรมชาติอันร่มรื่นและสงบ การได้เยี่ยมชมถ้ำพระเวสและปฏิบัติธรรมในวัดนี้จะเป็นประสบการณ์ที่ดีสำหรับผู้แสวงหาความสงบและผู้ที่สนใจในศาสนาพุทธ วัดนี้จึงเป็นจุดหมายปลายทางที่น่าสนใจสำหรับผู้ที่มาเยือนจังหวัดนครพนม', 'ตำบล นาแก อำเภอ นาแก นครพนม 48130', 16.88225567, 104.47064033, 10, 1, '2024-10-19 09:12:06', 1, 1),
(227, 'อนุสรณ์สถานแห่งภูพานน้อย', 'อนุสรณ์สถานแห่งภูพานน้อย เป็นสถานที่ท่องเที่ยวที่ผสมผสานระหว่างประวัติศาสตร์ วัฒนธรรม และธรรมชาติได้อย่างลงตัว นักท่องเที่ยวสามารถมาสัมผัสกับบรรยากาศเงียบสงบ ชมวิวธรรมชาติที่สวยงาม และเรียนรู้เรื่องราวประวัติศาสตร์ที่เกี่ยวข้องกับพื้นที่ภูพานน้อยได้ ที่นี่จึงเป็นอีกหนึ่งจุดหมายปลายทางที่ไม่ควรพลาดเมื่อมาเยือนจังหวัดนครพนม', 'ตำบล พิมาน อำเภอ นาแก นครพนม 48130', 16.86736943, 104.53951870, 10, 1, '2024-10-19 09:24:32', 1, 1),
(228, 'พุทธสถานธารน้ำทิพย์ (คำบอนสูง)', 'พุทธสถานธารน้ำทิพย์ (คำบอนสูง) เป็นสถานที่ที่เหมาะสำหรับผู้ที่ต้องการพักผ่อนจิตใจและปฏิบัติธรรมท่ามกลางธรรมชาติอันร่มรื่น ด้วยลำธารและป่าไม้ที่สวยงาม บรรยากาศเงียบสงบของที่นี่จะช่วยให้ผู้มาเยือนได้สัมผัสกับความสงบและความผ่อนคลายอย่างแท้จริง ที่นี่จึงเป็นจุดหมายปลายทางที่น่าสนใจสำหรับผู้ที่แสวงหาความสงบสุขและต้องการเชื่อมต่อกับธรรมชาติ', 'บ้านหนองกุง ตำบล พุ่มแก อำเภอ นาแก นครพนม 48130', 16.87938989, 104.62372206, 10, 1, '2024-10-19 09:26:54', 1, 1);

--
-- Indexes for dumped tables
--

--
-- Indexes for table `admin`
--
ALTER TABLE `admin`
  ADD PRIMARY KEY (`id`);

--
-- Indexes for table `admin_tokens`
--
ALTER TABLE `admin_tokens`
  ADD PRIMARY KEY (`id`),
  ADD KEY `admin_id` (`admin_id`);

--
-- Indexes for table `categories`
--
ALTER TABLE `categories`
  ADD PRIMARY KEY (`id`);

--
-- Indexes for table `chatbot_suggestions`
--
ALTER TABLE `chatbot_suggestions`
  ADD PRIMARY KEY (`id`);

--
-- Indexes for table `district`
--
ALTER TABLE `district`
  ADD PRIMARY KEY (`id`);

--
-- Indexes for table `operating_hours`
--
ALTER TABLE `operating_hours`
  ADD PRIMARY KEY (`id`),
  ADD KEY `place_id` (`place_id`);

--
-- Indexes for table `seasons`
--
ALTER TABLE `seasons`
  ADD PRIMARY KEY (`id`);

--
-- Indexes for table `seasons_relation`
--
ALTER TABLE `seasons_relation`
  ADD PRIMARY KEY (`id`),
  ADD KEY `season_id` (`season_id`),
  ADD KEY `tourism_entities_id` (`tourism_entities_id`);

--
-- Indexes for table `tourism_entities_images`
--
ALTER TABLE `tourism_entities_images`
  ADD PRIMARY KEY (`id`),
  ADD KEY `tourism_entities_id` (`tourism_entities_id`);

--
-- Indexes for table `tourist_entities`
--
ALTER TABLE `tourist_entities`
  ADD PRIMARY KEY (`id`),
  ADD KEY `district_id` (`district_id`),
  ADD KEY `category_id` (`category_id`),
  ADD KEY `created_by` (`created_by`);

--
-- AUTO_INCREMENT for dumped tables
--

--
-- AUTO_INCREMENT for table `admin`
--
ALTER TABLE `admin`
  MODIFY `id` int(7) NOT NULL AUTO_INCREMENT, AUTO_INCREMENT=7;

--
-- AUTO_INCREMENT for table `admin_tokens`
--
ALTER TABLE `admin_tokens`
  MODIFY `id` int(11) NOT NULL AUTO_INCREMENT, AUTO_INCREMENT=214;

--
-- AUTO_INCREMENT for table `categories`
--
ALTER TABLE `categories`
  MODIFY `id` int(11) NOT NULL AUTO_INCREMENT, AUTO_INCREMENT=5;

--
-- AUTO_INCREMENT for table `chatbot_suggestions`
--
ALTER TABLE `chatbot_suggestions`
  MODIFY `id` int(11) NOT NULL AUTO_INCREMENT, AUTO_INCREMENT=19;

--
-- AUTO_INCREMENT for table `district`
--
ALTER TABLE `district`
  MODIFY `id` int(5) NOT NULL AUTO_INCREMENT, AUTO_INCREMENT=20;

--
-- AUTO_INCREMENT for table `operating_hours`
--
ALTER TABLE `operating_hours`
  MODIFY `id` int(7) NOT NULL AUTO_INCREMENT, AUTO_INCREMENT=371;

--
-- AUTO_INCREMENT for table `seasons`
--
ALTER TABLE `seasons`
  MODIFY `id` int(7) NOT NULL AUTO_INCREMENT, AUTO_INCREMENT=5;

--
-- AUTO_INCREMENT for table `seasons_relation`
--
ALTER TABLE `seasons_relation`
  MODIFY `id` int(7) NOT NULL AUTO_INCREMENT, AUTO_INCREMENT=178;

--
-- AUTO_INCREMENT for table `tourism_entities_images`
--
ALTER TABLE `tourism_entities_images`
  MODIFY `id` int(7) NOT NULL AUTO_INCREMENT, AUTO_INCREMENT=1287;

--
-- AUTO_INCREMENT for table `tourist_entities`
--
ALTER TABLE `tourist_entities`
  MODIFY `id` int(7) NOT NULL AUTO_INCREMENT, AUTO_INCREMENT=229;

--
-- Constraints for dumped tables
--

--
-- Constraints for table `admin_tokens`
--
ALTER TABLE `admin_tokens`
  ADD CONSTRAINT `admin_tokens_ibfk_1` FOREIGN KEY (`admin_id`) REFERENCES `admin` (`id`) ON DELETE CASCADE;

--
-- Constraints for table `operating_hours`
--
ALTER TABLE `operating_hours`
  ADD CONSTRAINT `operating_hours_ibfk_1` FOREIGN KEY (`place_id`) REFERENCES `tourist_entities` (`id`) ON DELETE CASCADE;

--
-- Constraints for table `seasons_relation`
--
ALTER TABLE `seasons_relation`
  ADD CONSTRAINT `seasons_relation_ibfk_1` FOREIGN KEY (`season_id`) REFERENCES `seasons` (`id`),
  ADD CONSTRAINT `seasons_relation_ibfk_2` FOREIGN KEY (`tourism_entities_id`) REFERENCES `tourist_entities` (`id`) ON DELETE CASCADE;

--
-- Constraints for table `tourism_entities_images`
--
ALTER TABLE `tourism_entities_images`
  ADD CONSTRAINT `tourism_entities_images_ibfk_1` FOREIGN KEY (`tourism_entities_id`) REFERENCES `tourist_entities` (`id`) ON DELETE CASCADE;

--
-- Constraints for table `tourist_entities`
--
ALTER TABLE `tourist_entities`
  ADD CONSTRAINT `tourist_entities_ibfk_1` FOREIGN KEY (`district_id`) REFERENCES `district` (`id`),
  ADD CONSTRAINT `tourist_entities_ibfk_2` FOREIGN KEY (`category_id`) REFERENCES `categories` (`id`),
  ADD CONSTRAINT `tourist_entities_ibfk_3` FOREIGN KEY (`created_by`) REFERENCES `admin` (`id`);
COMMIT;

/*!40101 SET CHARACTER_SET_CLIENT=@OLD_CHARACTER_SET_CLIENT */;
/*!40101 SET CHARACTER_SET_RESULTS=@OLD_CHARACTER_SET_RESULTS */;
/*!40101 SET COLLATION_CONNECTION=@OLD_COLLATION_CONNECTION */;
