-- phpMyAdmin SQL Dump
-- version 5.2.1
-- https://www.phpmyadmin.net/
--
-- Host: 127.0.0.1
-- Generation Time: Aug 27, 2024 at 07:17 AM
-- Server version: 10.4.32-MariaDB
-- PHP Version: 8.0.30

SET SQL_MODE = "NO_AUTO_VALUE_ON_ZERO";
START TRANSACTION;
SET time_zone = "+00:00";


/*!40101 SET @OLD_CHARACTER_SET_CLIENT=@@CHARACTER_SET_CLIENT */;
/*!40101 SET @OLD_CHARACTER_SET_RESULTS=@@CHARACTER_SET_RESULTS */;
/*!40101 SET @OLD_COLLATION_CONNECTION=@@COLLATION_CONNECTION */;
/*!40101 SET NAMES utf8mb4 */;

--
-- Database: `place`
--

-- --------------------------------------------------------

--
-- Table structure for table `admin`
--

CREATE TABLE `admin` (
  `id` int(7) NOT NULL,
  `username` varchar(50) NOT NULL,
  `password` varchar(255) NOT NULL,
  `name` varchar(100) DEFAULT NULL
) ENGINE=InnoDB DEFAULT CHARSET=utf8 COLLATE=utf8_general_ci;

--
-- Dumping data for table `admin`
--

INSERT INTO `admin` (`id`, `username`, `password`, `name`) VALUES
(1, 'tackteam_chare', '$2a$10$HImeAc9X3omgyAGbRidpfec6kibyLWViuJItEwdCqp7yNi0EqqdcK', 'Admin_Team');

-- --------------------------------------------------------

--
-- Table structure for table `admin_tokens`
--

CREATE TABLE `admin_tokens` (
  `id` int(11) NOT NULL,
  `admin_id` int(11) NOT NULL,
  `token` text NOT NULL,
  `created_at` timestamp NOT NULL DEFAULT current_timestamp()
) ENGINE=InnoDB DEFAULT CHARSET=utf8 COLLATE=utf8_general_ci;

-- --------------------------------------------------------

--
-- Table structure for table `categories`
--

CREATE TABLE `categories` (
  `id` int(11) NOT NULL,
  `name` varchar(255) NOT NULL
) ENGINE=InnoDB DEFAULT CHARSET=utf8 COLLATE=utf8_general_ci;

--
-- Dumping data for table `categories`
--

INSERT INTO `categories` (`id`, `name`) VALUES
(1, 'สถานที่ท่องเที่ยว'),
(2, 'ที่พัก'),
(3, 'ร้านอาหาร'),
(4, 'ร้านค้าของฝาก');

-- --------------------------------------------------------

--
-- Table structure for table `district`
--

CREATE TABLE `district` (
  `id` int(5) NOT NULL,
  `name` varchar(150) NOT NULL
) ENGINE=InnoDB DEFAULT CHARSET=utf8 COLLATE=utf8_general_ci;

--
-- Dumping data for table `district`
--

INSERT INTO `district` (`id`, `name`) VALUES
(1, 'อำเภอเมืองนครพนม'),
(2, 'อำเภอบ้านแพง'),
(3, 'อำเภอท่าอุเทน'),
(4, 'อำเภอศรีสงคราม'),
(5, 'อำเภอนาหว้า'),
(6, 'อำเภอโพนสวรรค์'),
(7, 'อำเภอนาทม '),
(8, 'อำเภอธาตุพนม'),
(9, 'อำเภอเรณูนคร'),
(10, 'อำเภอนาแก'),
(11, 'อำเภอปลาปาก'),
(12, 'อำเภอวังยาง');

-- --------------------------------------------------------

--
-- Table structure for table `operating_hours`
--

CREATE TABLE `operating_hours` (
  `id` int(7) NOT NULL,
  `place_id` int(7) NOT NULL,
  `day_of_week` enum('Sunday','Monday','Tuesday','Wednesday','Thursday','Friday','Saturday') NOT NULL,
  `opening_time` time DEFAULT NULL,
  `closing_time` time DEFAULT NULL
) ENGINE=InnoDB DEFAULT CHARSET=utf8 COLLATE=utf8_general_ci;

--
-- Dumping data for table `operating_hours`
--

INSERT INTO `operating_hours` (`id`, `place_id`, `day_of_week`, `opening_time`, `closing_time`) VALUES
(128, 84, 'Sunday', '09:00:00', '23:59:00'),
(129, 84, 'Monday', '09:00:00', '23:59:00'),
(130, 84, 'Tuesday', '09:00:00', '23:59:00'),
(131, 84, 'Wednesday', '09:00:00', '23:59:00'),
(132, 84, 'Thursday', '09:00:00', '23:59:00'),
(133, 84, 'Friday', '09:00:00', '23:59:00'),
(134, 84, 'Saturday', '09:00:00', '23:59:00'),
(135, 39, 'Sunday', '09:00:00', '23:59:00'),
(136, 39, 'Monday', '09:00:00', '23:59:00'),
(137, 39, 'Tuesday', '09:00:00', '23:59:00'),
(138, 39, 'Wednesday', '09:00:00', '23:59:00'),
(139, 39, 'Thursday', '09:00:00', '23:59:00'),
(140, 39, 'Friday', '09:00:00', '23:59:00'),
(141, 39, 'Saturday', '09:00:00', '23:59:00'),
(142, 106, 'Sunday', '09:00:00', '23:59:00'),
(143, 106, 'Monday', '09:00:00', '23:59:00'),
(144, 106, 'Tuesday', '09:00:00', '23:59:00'),
(145, 106, 'Wednesday', '09:00:00', '23:59:00'),
(146, 106, 'Thursday', '09:00:00', '23:59:00'),
(147, 106, 'Friday', '09:00:00', '23:59:00'),
(148, 106, 'Saturday', '09:00:00', '23:59:00'),
(149, 159, 'Sunday', '09:00:00', '23:59:00'),
(150, 159, 'Monday', '09:00:00', '23:59:00'),
(151, 159, 'Tuesday', '09:00:00', '23:59:00'),
(152, 159, 'Wednesday', '09:00:00', '23:59:00'),
(153, 159, 'Thursday', '09:00:00', '23:59:00'),
(154, 159, 'Friday', '09:00:00', '23:59:00'),
(155, 159, 'Saturday', '09:00:00', '23:59:00'),
(156, 130, 'Sunday', '09:00:00', '23:59:00'),
(157, 130, 'Monday', '09:00:00', '23:59:00'),
(158, 130, 'Tuesday', '09:00:00', '23:59:00'),
(159, 130, 'Wednesday', '09:00:00', '23:59:00'),
(160, 130, 'Thursday', '09:00:00', '23:59:00'),
(161, 130, 'Friday', '09:00:00', '23:59:00'),
(162, 130, 'Saturday', '09:00:00', '23:59:00'),
(163, 113, 'Sunday', '09:00:00', '23:59:00'),
(164, 113, 'Monday', '09:00:00', '23:59:00'),
(165, 113, 'Tuesday', '09:00:00', '23:59:00'),
(166, 113, 'Wednesday', '09:00:00', '23:59:00'),
(167, 113, 'Thursday', '09:00:00', '23:59:00'),
(168, 113, 'Friday', '09:00:00', '23:59:00'),
(169, 113, 'Saturday', '09:00:00', '23:59:00'),
(170, 31, 'Sunday', '09:00:00', '23:59:00'),
(171, 31, 'Monday', '09:00:00', '23:59:00'),
(172, 31, 'Tuesday', '09:00:00', '23:59:00'),
(173, 31, 'Wednesday', '09:00:00', '23:59:00'),
(174, 31, 'Thursday', '09:00:00', '23:59:00'),
(175, 31, 'Friday', '09:00:00', '23:59:00'),
(176, 31, 'Saturday', '09:00:00', '23:59:00'),
(177, 135, 'Sunday', '09:00:00', '23:59:00'),
(178, 135, 'Monday', '09:00:00', '23:59:00'),
(179, 135, 'Tuesday', '09:00:00', '23:59:00'),
(180, 135, 'Wednesday', '09:00:00', '23:59:00'),
(181, 135, 'Thursday', '09:00:00', '23:59:00'),
(182, 135, 'Friday', '09:00:00', '23:59:00'),
(183, 135, 'Saturday', '09:00:00', '23:59:00'),
(184, 82, 'Sunday', '09:00:00', '23:59:00'),
(185, 82, 'Monday', '09:00:00', '23:59:00'),
(186, 82, 'Tuesday', '09:00:00', '23:59:00'),
(187, 82, 'Wednesday', '09:00:00', '23:59:00'),
(188, 82, 'Thursday', '09:00:00', '23:59:00'),
(189, 82, 'Friday', '09:00:00', '23:59:00'),
(190, 82, 'Saturday', '09:00:00', '23:59:00'),
(191, 60, 'Sunday', '09:00:00', '23:59:00'),
(192, 60, 'Monday', '09:00:00', '23:59:00'),
(193, 60, 'Tuesday', '09:00:00', '23:59:00'),
(194, 60, 'Wednesday', '09:00:00', '23:59:00'),
(195, 60, 'Thursday', '09:00:00', '23:59:00'),
(196, 60, 'Friday', '09:00:00', '23:59:00'),
(197, 60, 'Saturday', '09:00:00', '23:59:00'),
(198, 34, 'Sunday', '09:00:00', '23:59:00'),
(199, 34, 'Monday', '09:00:00', '23:59:00'),
(200, 34, 'Tuesday', '09:00:00', '23:59:00'),
(201, 34, 'Wednesday', '09:00:00', '23:59:00'),
(202, 34, 'Thursday', '09:00:00', '23:59:00'),
(203, 34, 'Friday', '09:00:00', '23:59:00'),
(204, 34, 'Saturday', '09:00:00', '23:59:00'),
(205, 125, 'Sunday', '09:00:00', '23:59:00'),
(206, 125, 'Monday', '09:00:00', '23:59:00'),
(207, 125, 'Tuesday', '09:00:00', '23:59:00'),
(208, 125, 'Wednesday', '09:00:00', '23:59:00'),
(209, 125, 'Thursday', '09:00:00', '23:59:00'),
(210, 125, 'Friday', '09:00:00', '23:59:00'),
(211, 125, 'Saturday', '09:00:00', '23:59:00'),
(212, 110, 'Sunday', '09:00:00', '23:59:00'),
(213, 110, 'Monday', '09:00:00', '23:59:00'),
(214, 110, 'Tuesday', '09:00:00', '23:59:00'),
(215, 110, 'Wednesday', '09:00:00', '23:59:00'),
(216, 110, 'Thursday', '09:00:00', '23:59:00'),
(217, 110, 'Friday', '09:00:00', '23:59:00'),
(218, 110, 'Saturday', '09:00:00', '23:59:00'),
(219, 153, 'Sunday', '09:00:00', '23:59:00'),
(220, 153, 'Monday', '09:00:00', '23:59:00'),
(221, 153, 'Tuesday', '09:00:00', '23:59:00'),
(222, 153, 'Wednesday', '09:00:00', '23:59:00'),
(223, 153, 'Thursday', '09:00:00', '23:59:00'),
(224, 153, 'Friday', '09:00:00', '23:59:00'),
(225, 153, 'Saturday', '09:00:00', '23:59:00'),
(226, 88, 'Sunday', '09:00:00', '23:59:00'),
(227, 88, 'Monday', '09:00:00', '23:59:00'),
(228, 88, 'Tuesday', '09:00:00', '23:59:00'),
(229, 88, 'Wednesday', '09:00:00', '23:59:00'),
(230, 88, 'Thursday', '09:00:00', '23:59:00'),
(231, 88, 'Friday', '09:00:00', '23:59:00'),
(232, 88, 'Saturday', '09:00:00', '23:59:00'),
(233, 59, 'Sunday', '09:00:00', '23:59:00'),
(234, 59, 'Monday', '09:00:00', '23:59:00'),
(235, 59, 'Tuesday', '09:00:00', '23:59:00'),
(236, 59, 'Wednesday', '09:00:00', '23:59:00'),
(237, 59, 'Thursday', '09:00:00', '23:59:00'),
(238, 59, 'Friday', '09:00:00', '23:59:00'),
(239, 59, 'Saturday', '09:00:00', '23:59:00'),
(240, 141, 'Sunday', '09:00:00', '23:59:00'),
(241, 141, 'Monday', '09:00:00', '23:59:00'),
(242, 141, 'Tuesday', '09:00:00', '23:59:00'),
(243, 141, 'Wednesday', '09:00:00', '23:59:00'),
(244, 141, 'Thursday', '09:00:00', '23:59:00'),
(245, 141, 'Friday', '09:00:00', '23:59:00'),
(246, 141, 'Saturday', '09:00:00', '23:59:00'),
(247, 28, 'Sunday', '09:00:00', '23:59:00'),
(248, 28, 'Monday', '09:00:00', '23:59:00'),
(249, 28, 'Tuesday', '09:00:00', '23:59:00'),
(250, 28, 'Wednesday', '09:00:00', '23:59:00'),
(251, 28, 'Thursday', '09:00:00', '23:59:00'),
(252, 28, 'Friday', '09:00:00', '23:59:00'),
(253, 28, 'Saturday', '09:00:00', '23:59:00'),
(254, 57, 'Sunday', '09:00:00', '23:59:00'),
(255, 57, 'Monday', '09:00:00', '23:59:00'),
(256, 57, 'Tuesday', '09:00:00', '23:59:00'),
(257, 57, 'Wednesday', '09:00:00', '23:59:00'),
(258, 57, 'Thursday', '09:00:00', '23:59:00'),
(259, 57, 'Friday', '09:00:00', '23:59:00'),
(260, 57, 'Saturday', '09:00:00', '23:59:00'),
(261, 114, 'Sunday', '09:00:00', '23:59:00'),
(262, 114, 'Monday', '09:00:00', '23:59:00'),
(263, 114, 'Tuesday', '09:00:00', '23:59:00'),
(264, 114, 'Wednesday', '09:00:00', '23:59:00'),
(265, 114, 'Thursday', '09:00:00', '23:59:00'),
(266, 114, 'Friday', '09:00:00', '23:59:00'),
(267, 114, 'Saturday', '09:00:00', '23:59:00'),
(268, 122, 'Sunday', '09:00:00', '23:59:00'),
(269, 122, 'Monday', '09:00:00', '23:59:00'),
(270, 122, 'Tuesday', '09:00:00', '23:59:00'),
(271, 122, 'Wednesday', '09:00:00', '23:59:00'),
(272, 122, 'Thursday', '09:00:00', '23:59:00'),
(273, 122, 'Friday', '09:00:00', '23:59:00'),
(274, 122, 'Saturday', '09:00:00', '23:59:00'),
(275, 41, 'Sunday', '09:00:00', '23:59:00'),
(276, 41, 'Monday', '09:00:00', '23:59:00'),
(277, 41, 'Tuesday', '09:00:00', '23:59:00'),
(278, 41, 'Wednesday', '09:00:00', '23:59:00'),
(279, 41, 'Thursday', '09:00:00', '23:59:00'),
(280, 41, 'Friday', '09:00:00', '23:59:00'),
(281, 41, 'Saturday', '09:00:00', '23:59:00'),
(282, 138, 'Sunday', '09:00:00', '23:59:00'),
(283, 138, 'Monday', '09:00:00', '23:59:00'),
(284, 138, 'Tuesday', '09:00:00', '23:59:00'),
(285, 138, 'Wednesday', '09:00:00', '23:59:00'),
(286, 138, 'Thursday', '09:00:00', '23:59:00'),
(287, 138, 'Friday', '09:00:00', '23:59:00'),
(288, 138, 'Saturday', '09:00:00', '23:59:00'),
(289, 108, 'Sunday', '09:00:00', '23:59:00'),
(290, 108, 'Monday', '09:00:00', '23:59:00'),
(291, 108, 'Tuesday', '09:00:00', '23:59:00'),
(292, 108, 'Wednesday', '09:00:00', '23:59:00'),
(293, 108, 'Thursday', '09:00:00', '23:59:00'),
(294, 108, 'Friday', '09:00:00', '23:59:00'),
(295, 108, 'Saturday', '09:00:00', '23:59:00'),
(296, 29, 'Sunday', '09:00:00', '23:59:00'),
(297, 29, 'Monday', '09:00:00', '23:59:00'),
(298, 29, 'Tuesday', '09:00:00', '23:59:00'),
(299, 29, 'Wednesday', '09:00:00', '23:59:00'),
(300, 29, 'Thursday', '09:00:00', '23:59:00'),
(301, 29, 'Friday', '09:00:00', '23:59:00'),
(302, 29, 'Saturday', '09:00:00', '23:59:00'),
(303, 36, 'Sunday', '09:00:00', '23:59:00'),
(304, 36, 'Monday', '09:00:00', '23:59:00'),
(305, 36, 'Tuesday', '09:00:00', '23:59:00'),
(306, 36, 'Wednesday', '09:00:00', '23:59:00'),
(307, 36, 'Thursday', '09:00:00', '23:59:00'),
(308, 36, 'Friday', '09:00:00', '23:59:00'),
(309, 36, 'Saturday', '09:00:00', '23:59:00'),
(310, 80, 'Sunday', '09:00:00', '23:59:00'),
(311, 80, 'Monday', '09:00:00', '23:59:00'),
(312, 80, 'Tuesday', '09:00:00', '23:59:00'),
(313, 80, 'Wednesday', '09:00:00', '23:59:00'),
(314, 80, 'Thursday', '09:00:00', '23:59:00'),
(315, 80, 'Friday', '09:00:00', '23:59:00'),
(316, 80, 'Saturday', '09:00:00', '23:59:00'),
(317, 83, 'Sunday', '09:00:00', '23:59:00'),
(318, 83, 'Monday', '09:00:00', '23:59:00'),
(319, 83, 'Tuesday', '09:00:00', '23:59:00'),
(320, 83, 'Wednesday', '09:00:00', '23:59:00'),
(321, 83, 'Thursday', '09:00:00', '23:59:00'),
(322, 83, 'Friday', '09:00:00', '23:59:00'),
(323, 83, 'Saturday', '09:00:00', '23:59:00'),
(324, 123, 'Sunday', '09:00:00', '23:59:00'),
(325, 123, 'Monday', '09:00:00', '23:59:00'),
(326, 123, 'Tuesday', '09:00:00', '23:59:00'),
(327, 123, 'Wednesday', '09:00:00', '23:59:00'),
(328, 123, 'Thursday', '09:00:00', '23:59:00'),
(329, 123, 'Friday', '09:00:00', '23:59:00'),
(330, 123, 'Saturday', '09:00:00', '23:59:00'),
(331, 27, 'Sunday', '09:00:00', '23:59:00'),
(332, 27, 'Monday', '09:00:00', '23:59:00'),
(333, 27, 'Tuesday', '09:00:00', '23:59:00'),
(334, 27, 'Wednesday', '09:00:00', '23:59:00'),
(335, 27, 'Thursday', '09:00:00', '23:59:00'),
(336, 27, 'Friday', '09:00:00', '23:59:00'),
(337, 27, 'Saturday', '09:00:00', '23:59:00'),
(338, 12, 'Sunday', '09:00:00', '23:59:00'),
(339, 12, 'Monday', '09:00:00', '23:59:00'),
(340, 12, 'Tuesday', '09:00:00', '23:59:00'),
(341, 12, 'Wednesday', '09:00:00', '23:59:00'),
(342, 12, 'Thursday', '09:00:00', '23:59:00'),
(343, 12, 'Friday', '09:00:00', '23:59:00'),
(344, 12, 'Saturday', '09:00:00', '23:59:00'),
(345, 107, 'Sunday', '09:00:00', '23:59:00'),
(346, 107, 'Monday', '09:00:00', '23:59:00'),
(347, 107, 'Tuesday', '09:00:00', '23:59:00'),
(348, 107, 'Wednesday', '09:00:00', '23:59:00'),
(349, 107, 'Thursday', '09:00:00', '23:59:00'),
(350, 107, 'Friday', '09:00:00', '23:59:00'),
(351, 107, 'Saturday', '09:00:00', '23:59:00'),
(352, 40, 'Sunday', '09:00:00', '23:59:00'),
(353, 40, 'Monday', '09:00:00', '23:59:00'),
(354, 40, 'Tuesday', '09:00:00', '23:59:00'),
(355, 40, 'Wednesday', '09:00:00', '23:59:00'),
(356, 40, 'Thursday', '09:00:00', '23:59:00'),
(357, 40, 'Friday', '09:00:00', '23:59:00'),
(358, 40, 'Saturday', '09:00:00', '23:59:00'),
(359, 97, 'Sunday', '09:00:00', '23:59:00'),
(360, 97, 'Monday', '09:00:00', '23:59:00'),
(361, 97, 'Tuesday', '09:00:00', '23:59:00'),
(362, 97, 'Wednesday', '09:00:00', '23:59:00'),
(363, 97, 'Thursday', '09:00:00', '23:59:00'),
(364, 97, 'Friday', '09:00:00', '23:59:00'),
(365, 97, 'Saturday', '09:00:00', '23:59:00'),
(366, 158, 'Sunday', '09:00:00', '23:59:00'),
(367, 158, 'Monday', '09:00:00', '23:59:00'),
(368, 158, 'Tuesday', '09:00:00', '23:59:00'),
(369, 158, 'Wednesday', '09:00:00', '23:59:00'),
(370, 158, 'Thursday', '09:00:00', '23:59:00'),
(371, 158, 'Friday', '09:00:00', '23:59:00'),
(372, 158, 'Saturday', '09:00:00', '23:59:00'),
(373, 143, 'Sunday', '09:00:00', '23:59:00'),
(374, 143, 'Monday', '09:00:00', '23:59:00'),
(375, 143, 'Tuesday', '09:00:00', '23:59:00'),
(376, 143, 'Wednesday', '09:00:00', '23:59:00'),
(377, 143, 'Thursday', '09:00:00', '23:59:00'),
(378, 143, 'Friday', '09:00:00', '23:59:00'),
(379, 143, 'Saturday', '09:00:00', '23:59:00'),
(380, 18, 'Sunday', '09:00:00', '23:59:00'),
(381, 18, 'Monday', '09:00:00', '23:59:00'),
(382, 18, 'Tuesday', '09:00:00', '23:59:00'),
(383, 18, 'Wednesday', '09:00:00', '23:59:00'),
(384, 18, 'Thursday', '09:00:00', '23:59:00'),
(385, 18, 'Friday', '09:00:00', '23:59:00'),
(386, 18, 'Saturday', '09:00:00', '23:59:00'),
(387, 51, 'Sunday', '09:00:00', '23:59:00'),
(388, 51, 'Monday', '09:00:00', '23:59:00'),
(389, 51, 'Tuesday', '09:00:00', '23:59:00'),
(390, 51, 'Wednesday', '09:00:00', '23:59:00'),
(391, 51, 'Thursday', '09:00:00', '23:59:00'),
(392, 51, 'Friday', '09:00:00', '23:59:00'),
(393, 51, 'Saturday', '09:00:00', '23:59:00'),
(394, 19, 'Sunday', '09:00:00', '23:59:00'),
(395, 19, 'Monday', '09:00:00', '23:59:00'),
(396, 19, 'Tuesday', '09:00:00', '23:59:00'),
(397, 19, 'Wednesday', '09:00:00', '23:59:00'),
(398, 19, 'Thursday', '09:00:00', '23:59:00'),
(399, 19, 'Friday', '09:00:00', '23:59:00'),
(400, 19, 'Saturday', '09:00:00', '23:59:00'),
(401, 94, 'Sunday', '09:00:00', '23:59:00'),
(402, 94, 'Monday', '09:00:00', '23:59:00'),
(403, 94, 'Tuesday', '09:00:00', '23:59:00'),
(404, 94, 'Wednesday', '09:00:00', '23:59:00'),
(405, 94, 'Thursday', '09:00:00', '23:59:00'),
(406, 94, 'Friday', '09:00:00', '23:59:00'),
(407, 94, 'Saturday', '09:00:00', '23:59:00'),
(408, 85, 'Sunday', '09:00:00', '23:59:00'),
(409, 85, 'Monday', '09:00:00', '23:59:00'),
(410, 85, 'Tuesday', '09:00:00', '23:59:00'),
(411, 85, 'Wednesday', '09:00:00', '23:59:00'),
(412, 85, 'Thursday', '09:00:00', '23:59:00'),
(413, 85, 'Friday', '09:00:00', '23:59:00'),
(414, 85, 'Saturday', '09:00:00', '23:59:00'),
(415, 33, 'Sunday', '09:00:00', '23:59:00'),
(416, 33, 'Monday', '09:00:00', '23:59:00'),
(417, 33, 'Tuesday', '09:00:00', '23:59:00'),
(418, 33, 'Wednesday', '09:00:00', '23:59:00'),
(419, 33, 'Thursday', '09:00:00', '23:59:00'),
(420, 33, 'Friday', '09:00:00', '23:59:00'),
(421, 33, 'Saturday', '09:00:00', '23:59:00'),
(422, 144, 'Sunday', '09:00:00', '23:59:00'),
(423, 144, 'Monday', '09:00:00', '23:59:00'),
(424, 144, 'Tuesday', '09:00:00', '23:59:00'),
(425, 144, 'Wednesday', '09:00:00', '23:59:00'),
(426, 144, 'Thursday', '09:00:00', '23:59:00'),
(427, 144, 'Friday', '09:00:00', '23:59:00'),
(428, 144, 'Saturday', '09:00:00', '23:59:00'),
(429, 75, 'Sunday', '09:00:00', '23:59:00'),
(430, 75, 'Monday', '09:00:00', '23:59:00'),
(431, 75, 'Tuesday', '09:00:00', '23:59:00'),
(432, 75, 'Wednesday', '09:00:00', '23:59:00'),
(433, 75, 'Thursday', '09:00:00', '23:59:00'),
(434, 75, 'Friday', '09:00:00', '23:59:00'),
(435, 75, 'Saturday', '09:00:00', '23:59:00'),
(436, 42, 'Sunday', '09:00:00', '23:59:00'),
(437, 42, 'Monday', '09:00:00', '23:59:00'),
(438, 42, 'Tuesday', '09:00:00', '23:59:00'),
(439, 42, 'Wednesday', '09:00:00', '23:59:00'),
(440, 42, 'Thursday', '09:00:00', '23:59:00'),
(441, 42, 'Friday', '09:00:00', '23:59:00'),
(442, 42, 'Saturday', '09:00:00', '23:59:00'),
(443, 156, 'Sunday', '09:00:00', '23:59:00'),
(444, 156, 'Monday', '09:00:00', '23:59:00'),
(445, 156, 'Tuesday', '09:00:00', '23:59:00'),
(446, 156, 'Wednesday', '09:00:00', '23:59:00'),
(447, 156, 'Thursday', '09:00:00', '23:59:00'),
(448, 156, 'Friday', '09:00:00', '23:59:00'),
(449, 156, 'Saturday', '09:00:00', '23:59:00'),
(450, 112, 'Sunday', '09:00:00', '23:59:00'),
(451, 112, 'Monday', '09:00:00', '23:59:00'),
(452, 112, 'Tuesday', '09:00:00', '23:59:00'),
(453, 112, 'Wednesday', '09:00:00', '23:59:00'),
(454, 112, 'Thursday', '09:00:00', '23:59:00'),
(455, 112, 'Friday', '09:00:00', '23:59:00'),
(456, 112, 'Saturday', '09:00:00', '23:59:00'),
(457, 3, 'Sunday', '09:00:00', '23:59:00'),
(458, 3, 'Monday', '09:00:00', '23:59:00'),
(459, 3, 'Tuesday', '09:00:00', '23:59:00'),
(460, 3, 'Wednesday', '09:00:00', '23:59:00'),
(461, 3, 'Thursday', '09:00:00', '23:59:00'),
(462, 3, 'Friday', '09:00:00', '23:59:00'),
(463, 3, 'Saturday', '09:00:00', '23:59:00'),
(464, 69, 'Sunday', '09:00:00', '23:59:00'),
(465, 69, 'Monday', '09:00:00', '23:59:00'),
(466, 69, 'Tuesday', '09:00:00', '23:59:00'),
(467, 69, 'Wednesday', '09:00:00', '23:59:00'),
(468, 69, 'Thursday', '09:00:00', '23:59:00'),
(469, 69, 'Friday', '09:00:00', '23:59:00'),
(470, 69, 'Saturday', '09:00:00', '23:59:00'),
(471, 81, 'Sunday', '09:00:00', '23:59:00'),
(472, 81, 'Monday', '09:00:00', '23:59:00'),
(473, 81, 'Tuesday', '09:00:00', '23:59:00'),
(474, 81, 'Wednesday', '09:00:00', '23:59:00'),
(475, 81, 'Thursday', '09:00:00', '23:59:00'),
(476, 81, 'Friday', '09:00:00', '23:59:00'),
(477, 81, 'Saturday', '09:00:00', '23:59:00');

-- --------------------------------------------------------

--
-- Table structure for table `seasons`
--

CREATE TABLE `seasons` (
  `id` int(7) NOT NULL,
  `name` varchar(255) NOT NULL,
  `date_start` date DEFAULT NULL,
  `date_end` date DEFAULT NULL
) ENGINE=InnoDB DEFAULT CHARSET=utf8 COLLATE=utf8_general_ci;

--
-- Dumping data for table `seasons`
--

INSERT INTO `seasons` (`id`, `name`, `date_start`, `date_end`) VALUES
(1, 'ฤดูร้อน', '2024-02-15', '2024-05-15'),
(2, 'ฤดูฝน', '2024-05-15', '2024-10-15'),
(3, 'ฤดูหนาว', '2024-10-15', '2025-02-15'),
(4, 'ตลอดทั้งปี', '2024-01-01', '2024-12-31');

-- --------------------------------------------------------

--
-- Table structure for table `seasons_relation`
--

CREATE TABLE `seasons_relation` (
  `id` int(7) NOT NULL,
  `season_id` int(7) NOT NULL,
  `tourism_entities_id` int(7) NOT NULL
) ENGINE=InnoDB DEFAULT CHARSET=utf8 COLLATE=utf8_general_ci;

--
-- Dumping data for table `seasons_relation`
--

INSERT INTO `seasons_relation` (`id`, `season_id`, `tourism_entities_id`) VALUES
(1, 2, 4),
(2, 4, 3),
(3, 3, 5),
(4, 4, 6),
(5, 4, 7),
(6, 4, 8),
(7, 1, 9),
(8, 4, 1),
(9, 1, 2),
(10, 2, 3),
(11, 3, 4),
(12, 3, 5),
(13, 3, 6),
(14, 3, 7),
(15, 1, 8),
(16, 4, 9),
(17, 2, 10),
(18, 1, 21),
(19, 1, 22),
(20, 4, 23),
(21, 2, 24),
(22, 2, 25),
(23, 2, 26),
(24, 2, 27),
(25, 1, 28),
(26, 1, 29),
(27, 4, 30),
(28, 3, 41),
(29, 4, 42),
(30, 3, 43),
(31, 1, 44),
(32, 2, 45),
(33, 3, 46),
(34, 1, 47),
(35, 2, 48),
(36, 3, 49),
(37, 3, 50),
(38, 3, 11),
(39, 1, 12),
(40, 3, 13),
(41, 1, 14),
(42, 4, 15),
(43, 2, 16),
(44, 1, 17),
(45, 3, 18),
(46, 3, 19),
(47, 3, 20),
(48, 3, 31),
(49, 3, 32),
(50, 3, 33),
(51, 4, 34),
(52, 3, 35),
(53, 1, 36),
(54, 4, 37),
(55, 3, 38),
(56, 4, 39),
(57, 1, 40),
(58, 1, 51),
(59, 1, 52),
(60, 1, 53),
(61, 2, 54),
(62, 1, 55),
(63, 3, 56),
(64, 2, 57),
(65, 3, 58),
(66, 4, 59),
(67, 1, 60),
(68, 3, 61),
(69, 1, 62),
(70, 3, 63),
(71, 3, 64),
(72, 3, 65),
(73, 3, 66),
(74, 1, 67),
(75, 2, 68),
(76, 4, 69),
(77, 3, 70),
(78, 3, 71),
(79, 3, 72),
(80, 4, 73),
(81, 3, 74),
(82, 2, 75),
(83, 4, 76),
(84, 4, 77),
(85, 2, 78),
(86, 3, 79),
(87, 4, 80),
(88, 1, 81),
(89, 4, 82),
(90, 3, 83),
(91, 1, 84),
(92, 4, 85),
(93, 2, 86),
(94, 1, 87),
(95, 3, 88),
(96, 2, 89),
(97, 3, 90),
(98, 4, 91),
(99, 1, 92),
(100, 4, 93),
(101, 4, 94),
(102, 3, 95),
(103, 3, 96),
(104, 2, 97),
(105, 4, 98),
(106, 4, 99),
(107, 1, 100),
(108, 2, 101),
(109, 3, 102),
(110, 3, 103),
(111, 4, 104),
(112, 2, 105),
(113, 3, 106),
(114, 2, 107),
(115, 4, 108),
(116, 4, 109),
(117, 2, 110),
(118, 1, 111),
(119, 1, 112),
(120, 3, 113),
(121, 1, 114),
(122, 3, 115),
(123, 1, 116),
(124, 2, 117),
(125, 4, 118),
(126, 4, 119),
(127, 4, 120),
(128, 1, 121),
(129, 4, 122),
(130, 1, 123),
(131, 4, 124),
(132, 2, 125),
(133, 1, 126),
(134, 1, 127),
(135, 2, 128),
(136, 2, 129),
(137, 2, 130),
(138, 1, 131),
(139, 4, 132),
(140, 2, 133),
(141, 1, 134),
(142, 1, 135),
(143, 1, 136),
(144, 4, 137),
(145, 3, 138),
(146, 4, 139),
(147, 2, 140),
(148, 2, 141),
(149, 2, 142),
(150, 2, 143),
(151, 2, 144),
(152, 2, 145),
(153, 3, 146),
(154, 3, 147),
(155, 1, 148),
(156, 4, 149),
(157, 1, 150),
(158, 3, 151),
(159, 1, 152),
(160, 1, 153),
(161, 1, 154),
(162, 4, 155),
(163, 4, 156),
(164, 4, 157),
(165, 3, 158),
(166, 2, 159);

-- --------------------------------------------------------

--
-- Table structure for table `tourism_entities_images`
--

CREATE TABLE `tourism_entities_images` (
  `id` int(7) NOT NULL,
  `tourism_entities_id` int(7) NOT NULL,
  `image_path` varchar(255) DEFAULT NULL,
  `created_at` timestamp NOT NULL DEFAULT current_timestamp()
) ENGINE=InnoDB DEFAULT CHARSET=utf8 COLLATE=utf8_general_ci;

--
-- Dumping data for table `tourism_entities_images`
--

INSERT INTO `tourism_entities_images` (`id`, `tourism_entities_id`, `image_path`, `created_at`) VALUES
(3, 1, 'LINE_ALBUM_7152023_240724_1.jpg', '2024-08-27 05:11:24'),
(4, 2, 'LINE_ALBUM_7152023_240724_1.jpg', '2024-08-27 05:11:24'),
(5, 3, 'LINE_ALBUM_7152023_240724_1.jpg', '2024-08-27 05:11:24'),
(6, 4, 'LINE_ALBUM_7152023_240724_1.jpg', '2024-08-27 05:11:24'),
(7, 5, 'LINE_ALBUM_7152023_240724_1.jpg', '2024-08-27 05:11:24'),
(8, 6, 'LINE_ALBUM_7152023_240724_1.jpg', '2024-08-27 05:11:24'),
(9, 7, 'LINE_ALBUM_7152023_240724_1.jpg', '2024-08-27 05:11:24'),
(10, 8, 'LINE_ALBUM_7152023_240724_1.jpg', '2024-08-27 05:11:24'),
(11, 9, 'LINE_ALBUM_7152023_240724_1.jpg', '2024-08-27 05:11:24'),
(12, 10, 'LINE_ALBUM_7152023_240724_1.jpg', '2024-08-27 05:11:24'),
(13, 21, 'LINE_ALBUM_7152023_240724_1.jpg', '2024-08-27 05:11:24'),
(14, 22, 'LINE_ALBUM_7152023_240724_1.jpg', '2024-08-27 05:11:24'),
(15, 23, 'LINE_ALBUM_7152023_240724_1.jpg', '2024-08-27 05:11:24'),
(16, 24, 'LINE_ALBUM_7152023_240724_1.jpg', '2024-08-27 05:11:24'),
(17, 25, 'LINE_ALBUM_7152023_240724_1.jpg', '2024-08-27 05:11:24'),
(18, 26, 'LINE_ALBUM_7152023_240724_1.jpg', '2024-08-27 05:11:24'),
(19, 27, 'LINE_ALBUM_7152023_240724_1.jpg', '2024-08-27 05:11:24'),
(20, 28, 'LINE_ALBUM_7152023_240724_1.jpg', '2024-08-27 05:11:24'),
(21, 29, 'LINE_ALBUM_7152023_240724_1.jpg', '2024-08-27 05:11:24'),
(22, 30, 'LINE_ALBUM_7152023_240724_1.jpg', '2024-08-27 05:11:24'),
(23, 41, 'LINE_ALBUM_7152023_240724_1.jpg', '2024-08-27 05:11:24'),
(24, 42, 'LINE_ALBUM_7152023_240724_1.jpg', '2024-08-27 05:11:24'),
(25, 43, 'LINE_ALBUM_7152023_240724_1.jpg', '2024-08-27 05:11:24'),
(26, 44, 'LINE_ALBUM_7152023_240724_1.jpg', '2024-08-27 05:11:24'),
(27, 45, 'LINE_ALBUM_7152023_240724_1.jpg', '2024-08-27 05:11:24'),
(28, 46, 'LINE_ALBUM_7152023_240724_1.jpg', '2024-08-27 05:11:24'),
(29, 47, 'LINE_ALBUM_7152023_240724_1.jpg', '2024-08-27 05:11:24'),
(30, 48, 'LINE_ALBUM_7152023_240724_1.jpg', '2024-08-27 05:11:24'),
(31, 49, 'LINE_ALBUM_7152023_240724_1.jpg', '2024-08-27 05:11:24'),
(32, 50, 'LINE_ALBUM_7152023_240724_1.jpg', '2024-08-27 05:11:24'),
(33, 11, 'LINE_ALBUM_7152023_240724_1.jpg', '2024-08-27 05:11:24'),
(34, 12, 'LINE_ALBUM_7152023_240724_1.jpg', '2024-08-27 05:11:24'),
(35, 13, 'LINE_ALBUM_7152023_240724_1.jpg', '2024-08-27 05:11:24'),
(36, 14, 'LINE_ALBUM_7152023_240724_1.jpg', '2024-08-27 05:11:24'),
(37, 15, 'LINE_ALBUM_7152023_240724_1.jpg', '2024-08-27 05:11:24'),
(38, 16, 'LINE_ALBUM_7152023_240724_1.jpg', '2024-08-27 05:11:24'),
(39, 17, 'LINE_ALBUM_7152023_240724_1.jpg', '2024-08-27 05:11:24'),
(40, 18, 'LINE_ALBUM_7152023_240724_1.jpg', '2024-08-27 05:11:24'),
(41, 19, 'LINE_ALBUM_7152023_240724_1.jpg', '2024-08-27 05:11:24'),
(42, 20, 'LINE_ALBUM_7152023_240724_1.jpg', '2024-08-27 05:11:24'),
(43, 31, 'LINE_ALBUM_7152023_240724_1.jpg', '2024-08-27 05:11:24'),
(44, 32, 'LINE_ALBUM_7152023_240724_1.jpg', '2024-08-27 05:11:24'),
(45, 33, 'LINE_ALBUM_7152023_240724_1.jpg', '2024-08-27 05:11:24'),
(46, 34, 'LINE_ALBUM_7152023_240724_1.jpg', '2024-08-27 05:11:24'),
(47, 35, 'LINE_ALBUM_7152023_240724_1.jpg', '2024-08-27 05:11:24'),
(48, 36, 'LINE_ALBUM_7152023_240724_1.jpg', '2024-08-27 05:11:24'),
(49, 37, 'LINE_ALBUM_7152023_240724_1.jpg', '2024-08-27 05:11:24'),
(50, 38, 'LINE_ALBUM_7152023_240724_1.jpg', '2024-08-27 05:11:24'),
(51, 39, 'LINE_ALBUM_7152023_240724_1.jpg', '2024-08-27 05:11:24'),
(52, 40, 'LINE_ALBUM_7152023_240724_1.jpg', '2024-08-27 05:11:24'),
(53, 51, 'LINE_ALBUM_7152023_240724_1.jpg', '2024-08-27 05:11:24'),
(54, 52, 'LINE_ALBUM_7152023_240724_1.jpg', '2024-08-27 05:11:24'),
(55, 53, 'LINE_ALBUM_7152023_240724_1.jpg', '2024-08-27 05:11:24'),
(56, 54, 'LINE_ALBUM_7152023_240724_1.jpg', '2024-08-27 05:11:24'),
(57, 55, 'LINE_ALBUM_7152023_240724_1.jpg', '2024-08-27 05:11:24'),
(58, 56, 'LINE_ALBUM_7152023_240724_1.jpg', '2024-08-27 05:11:24'),
(59, 57, 'LINE_ALBUM_7152023_240724_1.jpg', '2024-08-27 05:11:24'),
(60, 58, 'LINE_ALBUM_7152023_240724_1.jpg', '2024-08-27 05:11:24'),
(61, 59, 'LINE_ALBUM_7152023_240724_1.jpg', '2024-08-27 05:11:24'),
(62, 60, 'LINE_ALBUM_7152023_240724_1.jpg', '2024-08-27 05:11:24'),
(63, 61, 'LINE_ALBUM_7152023_240724_1.jpg', '2024-08-27 05:11:24'),
(64, 62, 'LINE_ALBUM_7152023_240724_1.jpg', '2024-08-27 05:11:24'),
(65, 63, 'LINE_ALBUM_7152023_240724_1.jpg', '2024-08-27 05:11:24'),
(66, 64, 'LINE_ALBUM_7152023_240724_1.jpg', '2024-08-27 05:11:24'),
(67, 65, 'LINE_ALBUM_7152023_240724_1.jpg', '2024-08-27 05:11:24'),
(68, 66, 'LINE_ALBUM_7152023_240724_1.jpg', '2024-08-27 05:11:24'),
(69, 67, 'LINE_ALBUM_7152023_240724_1.jpg', '2024-08-27 05:11:24'),
(70, 68, 'LINE_ALBUM_7152023_240724_1.jpg', '2024-08-27 05:11:24'),
(71, 69, 'LINE_ALBUM_7152023_240724_1.jpg', '2024-08-27 05:11:24'),
(72, 70, 'LINE_ALBUM_7152023_240724_1.jpg', '2024-08-27 05:11:24'),
(73, 71, 'LINE_ALBUM_7152023_240724_1.jpg', '2024-08-27 05:11:24'),
(74, 72, 'LINE_ALBUM_7152023_240724_1.jpg', '2024-08-27 05:11:24'),
(75, 73, 'LINE_ALBUM_7152023_240724_1.jpg', '2024-08-27 05:11:24'),
(76, 74, 'LINE_ALBUM_7152023_240724_1.jpg', '2024-08-27 05:11:24'),
(77, 75, 'LINE_ALBUM_7152023_240724_1.jpg', '2024-08-27 05:11:24'),
(78, 76, 'LINE_ALBUM_7152023_240724_1.jpg', '2024-08-27 05:11:24'),
(79, 77, 'LINE_ALBUM_7152023_240724_1.jpg', '2024-08-27 05:11:24'),
(80, 78, 'LINE_ALBUM_7152023_240724_1.jpg', '2024-08-27 05:11:24'),
(81, 79, 'LINE_ALBUM_7152023_240724_1.jpg', '2024-08-27 05:11:24'),
(82, 80, 'LINE_ALBUM_7152023_240724_1.jpg', '2024-08-27 05:11:24'),
(83, 81, 'LINE_ALBUM_7152023_240724_1.jpg', '2024-08-27 05:11:24'),
(84, 82, 'LINE_ALBUM_7152023_240724_1.jpg', '2024-08-27 05:11:24'),
(85, 83, 'LINE_ALBUM_7152023_240724_1.jpg', '2024-08-27 05:11:24'),
(86, 84, 'LINE_ALBUM_7152023_240724_1.jpg', '2024-08-27 05:11:24'),
(87, 85, 'LINE_ALBUM_7152023_240724_1.jpg', '2024-08-27 05:11:24'),
(88, 86, 'LINE_ALBUM_7152023_240724_1.jpg', '2024-08-27 05:11:24'),
(89, 87, 'LINE_ALBUM_7152023_240724_1.jpg', '2024-08-27 05:11:24'),
(90, 88, 'LINE_ALBUM_7152023_240724_1.jpg', '2024-08-27 05:11:24'),
(91, 89, 'LINE_ALBUM_7152023_240724_1.jpg', '2024-08-27 05:11:24'),
(92, 90, 'LINE_ALBUM_7152023_240724_1.jpg', '2024-08-27 05:11:24'),
(93, 91, 'LINE_ALBUM_7152023_240724_1.jpg', '2024-08-27 05:11:24'),
(94, 92, 'LINE_ALBUM_7152023_240724_1.jpg', '2024-08-27 05:11:24'),
(95, 93, 'LINE_ALBUM_7152023_240724_1.jpg', '2024-08-27 05:11:24'),
(96, 94, 'LINE_ALBUM_7152023_240724_1.jpg', '2024-08-27 05:11:24'),
(97, 95, 'LINE_ALBUM_7152023_240724_1.jpg', '2024-08-27 05:11:24'),
(98, 96, 'LINE_ALBUM_7152023_240724_1.jpg', '2024-08-27 05:11:24'),
(99, 97, 'LINE_ALBUM_7152023_240724_1.jpg', '2024-08-27 05:11:24'),
(100, 98, 'LINE_ALBUM_7152023_240724_1.jpg', '2024-08-27 05:11:24'),
(101, 99, 'LINE_ALBUM_7152023_240724_1.jpg', '2024-08-27 05:11:24'),
(102, 100, 'LINE_ALBUM_7152023_240724_1.jpg', '2024-08-27 05:11:24'),
(103, 101, 'LINE_ALBUM_7152023_240724_1.jpg', '2024-08-27 05:11:24'),
(104, 102, 'LINE_ALBUM_7152023_240724_1.jpg', '2024-08-27 05:11:24'),
(105, 103, 'LINE_ALBUM_7152023_240724_1.jpg', '2024-08-27 05:11:24'),
(106, 104, 'LINE_ALBUM_7152023_240724_1.jpg', '2024-08-27 05:11:24'),
(107, 105, 'LINE_ALBUM_7152023_240724_1.jpg', '2024-08-27 05:11:24'),
(108, 106, 'LINE_ALBUM_7152023_240724_1.jpg', '2024-08-27 05:11:24'),
(109, 107, 'LINE_ALBUM_7152023_240724_1.jpg', '2024-08-27 05:11:24'),
(110, 108, 'LINE_ALBUM_7152023_240724_1.jpg', '2024-08-27 05:11:24'),
(111, 109, 'LINE_ALBUM_7152023_240724_1.jpg', '2024-08-27 05:11:24'),
(112, 110, 'LINE_ALBUM_7152023_240724_1.jpg', '2024-08-27 05:11:24'),
(113, 111, 'LINE_ALBUM_7152023_240724_1.jpg', '2024-08-27 05:11:24'),
(114, 112, 'LINE_ALBUM_7152023_240724_1.jpg', '2024-08-27 05:11:24'),
(115, 113, 'LINE_ALBUM_7152023_240724_1.jpg', '2024-08-27 05:11:24'),
(116, 114, 'LINE_ALBUM_7152023_240724_1.jpg', '2024-08-27 05:11:24'),
(117, 115, 'LINE_ALBUM_7152023_240724_1.jpg', '2024-08-27 05:11:24'),
(118, 116, 'LINE_ALBUM_7152023_240724_1.jpg', '2024-08-27 05:11:24'),
(119, 117, 'LINE_ALBUM_7152023_240724_1.jpg', '2024-08-27 05:11:24'),
(120, 118, 'LINE_ALBUM_7152023_240724_1.jpg', '2024-08-27 05:11:24'),
(121, 119, 'LINE_ALBUM_7152023_240724_1.jpg', '2024-08-27 05:11:24'),
(122, 120, 'LINE_ALBUM_7152023_240724_1.jpg', '2024-08-27 05:11:24'),
(123, 121, 'LINE_ALBUM_7152023_240724_1.jpg', '2024-08-27 05:11:24'),
(124, 122, 'LINE_ALBUM_7152023_240724_1.jpg', '2024-08-27 05:11:24'),
(125, 123, 'LINE_ALBUM_7152023_240724_1.jpg', '2024-08-27 05:11:24'),
(126, 124, 'LINE_ALBUM_7152023_240724_1.jpg', '2024-08-27 05:11:24'),
(127, 125, 'LINE_ALBUM_7152023_240724_1.jpg', '2024-08-27 05:11:24'),
(128, 126, 'LINE_ALBUM_7152023_240724_1.jpg', '2024-08-27 05:11:24'),
(129, 127, 'LINE_ALBUM_7152023_240724_1.jpg', '2024-08-27 05:11:24'),
(130, 128, 'LINE_ALBUM_7152023_240724_1.jpg', '2024-08-27 05:11:24'),
(131, 129, 'LINE_ALBUM_7152023_240724_1.jpg', '2024-08-27 05:11:24'),
(132, 130, 'LINE_ALBUM_7152023_240724_1.jpg', '2024-08-27 05:11:24'),
(133, 131, 'LINE_ALBUM_7152023_240724_1.jpg', '2024-08-27 05:11:24'),
(134, 132, 'LINE_ALBUM_7152023_240724_1.jpg', '2024-08-27 05:11:24'),
(135, 133, 'LINE_ALBUM_7152023_240724_1.jpg', '2024-08-27 05:11:24'),
(136, 134, 'LINE_ALBUM_7152023_240724_1.jpg', '2024-08-27 05:11:24'),
(137, 135, 'LINE_ALBUM_7152023_240724_1.jpg', '2024-08-27 05:11:24'),
(138, 136, 'LINE_ALBUM_7152023_240724_1.jpg', '2024-08-27 05:11:24'),
(139, 137, 'LINE_ALBUM_7152023_240724_1.jpg', '2024-08-27 05:11:24'),
(140, 138, 'LINE_ALBUM_7152023_240724_1.jpg', '2024-08-27 05:11:24'),
(141, 139, 'LINE_ALBUM_7152023_240724_1.jpg', '2024-08-27 05:11:24'),
(142, 140, 'LINE_ALBUM_7152023_240724_1.jpg', '2024-08-27 05:11:24'),
(143, 141, 'LINE_ALBUM_7152023_240724_1.jpg', '2024-08-27 05:11:24'),
(144, 142, 'LINE_ALBUM_7152023_240724_1.jpg', '2024-08-27 05:11:24'),
(145, 143, 'LINE_ALBUM_7152023_240724_1.jpg', '2024-08-27 05:11:24'),
(146, 144, 'LINE_ALBUM_7152023_240724_1.jpg', '2024-08-27 05:11:24'),
(147, 145, 'LINE_ALBUM_7152023_240724_1.jpg', '2024-08-27 05:11:24'),
(148, 146, 'LINE_ALBUM_7152023_240724_1.jpg', '2024-08-27 05:11:24'),
(149, 147, 'LINE_ALBUM_7152023_240724_1.jpg', '2024-08-27 05:11:24'),
(150, 148, 'LINE_ALBUM_7152023_240724_1.jpg', '2024-08-27 05:11:24'),
(151, 149, 'LINE_ALBUM_7152023_240724_1.jpg', '2024-08-27 05:11:24'),
(152, 150, 'LINE_ALBUM_7152023_240724_1.jpg', '2024-08-27 05:11:24'),
(153, 151, 'LINE_ALBUM_7152023_240724_1.jpg', '2024-08-27 05:11:24'),
(154, 152, 'LINE_ALBUM_7152023_240724_1.jpg', '2024-08-27 05:11:24'),
(155, 153, 'LINE_ALBUM_7152023_240724_1.jpg', '2024-08-27 05:11:24'),
(156, 154, 'LINE_ALBUM_7152023_240724_1.jpg', '2024-08-27 05:11:24'),
(157, 155, 'LINE_ALBUM_7152023_240724_1.jpg', '2024-08-27 05:11:24'),
(158, 156, 'LINE_ALBUM_7152023_240724_1.jpg', '2024-08-27 05:11:24'),
(159, 157, 'LINE_ALBUM_7152023_240724_1.jpg', '2024-08-27 05:11:24'),
(160, 158, 'LINE_ALBUM_7152023_240724_1.jpg', '2024-08-27 05:11:24'),
(161, 159, 'LINE_ALBUM_7152023_240724_1.jpg', '2024-08-27 05:11:24'),
(258, 1, 'LINE_ALBUM_7152023_240724_2.jpg', '2024-08-27 05:11:24'),
(259, 2, 'LINE_ALBUM_7152023_240724_2.jpg', '2024-08-27 05:11:24'),
(260, 3, 'LINE_ALBUM_7152023_240724_2.jpg', '2024-08-27 05:11:24'),
(261, 4, 'LINE_ALBUM_7152023_240724_2.jpg', '2024-08-27 05:11:24'),
(262, 5, 'LINE_ALBUM_7152023_240724_2.jpg', '2024-08-27 05:11:24'),
(263, 6, 'LINE_ALBUM_7152023_240724_2.jpg', '2024-08-27 05:11:24'),
(264, 7, 'LINE_ALBUM_7152023_240724_2.jpg', '2024-08-27 05:11:24'),
(265, 8, 'LINE_ALBUM_7152023_240724_2.jpg', '2024-08-27 05:11:24'),
(266, 9, 'LINE_ALBUM_7152023_240724_2.jpg', '2024-08-27 05:11:24'),
(267, 10, 'LINE_ALBUM_7152023_240724_2.jpg', '2024-08-27 05:11:24'),
(268, 21, 'LINE_ALBUM_7152023_240724_2.jpg', '2024-08-27 05:11:24'),
(269, 22, 'LINE_ALBUM_7152023_240724_2.jpg', '2024-08-27 05:11:24'),
(270, 23, 'LINE_ALBUM_7152023_240724_2.jpg', '2024-08-27 05:11:24'),
(271, 24, 'LINE_ALBUM_7152023_240724_2.jpg', '2024-08-27 05:11:24'),
(272, 25, 'LINE_ALBUM_7152023_240724_2.jpg', '2024-08-27 05:11:24'),
(273, 26, 'LINE_ALBUM_7152023_240724_2.jpg', '2024-08-27 05:11:24'),
(274, 27, 'LINE_ALBUM_7152023_240724_2.jpg', '2024-08-27 05:11:24'),
(275, 28, 'LINE_ALBUM_7152023_240724_2.jpg', '2024-08-27 05:11:24'),
(276, 29, 'LINE_ALBUM_7152023_240724_2.jpg', '2024-08-27 05:11:24'),
(277, 30, 'LINE_ALBUM_7152023_240724_2.jpg', '2024-08-27 05:11:24'),
(278, 41, 'LINE_ALBUM_7152023_240724_2.jpg', '2024-08-27 05:11:24'),
(279, 42, 'LINE_ALBUM_7152023_240724_2.jpg', '2024-08-27 05:11:24'),
(280, 43, 'LINE_ALBUM_7152023_240724_2.jpg', '2024-08-27 05:11:24'),
(281, 44, 'LINE_ALBUM_7152023_240724_2.jpg', '2024-08-27 05:11:24'),
(282, 45, 'LINE_ALBUM_7152023_240724_2.jpg', '2024-08-27 05:11:24'),
(283, 46, 'LINE_ALBUM_7152023_240724_2.jpg', '2024-08-27 05:11:24'),
(284, 47, 'LINE_ALBUM_7152023_240724_2.jpg', '2024-08-27 05:11:24'),
(285, 48, 'LINE_ALBUM_7152023_240724_2.jpg', '2024-08-27 05:11:24'),
(286, 49, 'LINE_ALBUM_7152023_240724_2.jpg', '2024-08-27 05:11:24'),
(287, 50, 'LINE_ALBUM_7152023_240724_2.jpg', '2024-08-27 05:11:24'),
(288, 11, 'LINE_ALBUM_7152023_240724_2.jpg', '2024-08-27 05:11:24'),
(289, 12, 'LINE_ALBUM_7152023_240724_2.jpg', '2024-08-27 05:11:24'),
(290, 13, 'LINE_ALBUM_7152023_240724_2.jpg', '2024-08-27 05:11:24'),
(291, 14, 'LINE_ALBUM_7152023_240724_2.jpg', '2024-08-27 05:11:24'),
(292, 15, 'LINE_ALBUM_7152023_240724_2.jpg', '2024-08-27 05:11:24'),
(293, 16, 'LINE_ALBUM_7152023_240724_2.jpg', '2024-08-27 05:11:24'),
(294, 17, 'LINE_ALBUM_7152023_240724_2.jpg', '2024-08-27 05:11:24'),
(295, 18, 'LINE_ALBUM_7152023_240724_2.jpg', '2024-08-27 05:11:24'),
(296, 19, 'LINE_ALBUM_7152023_240724_2.jpg', '2024-08-27 05:11:24'),
(297, 20, 'LINE_ALBUM_7152023_240724_2.jpg', '2024-08-27 05:11:24'),
(298, 31, 'LINE_ALBUM_7152023_240724_2.jpg', '2024-08-27 05:11:24'),
(299, 32, 'LINE_ALBUM_7152023_240724_2.jpg', '2024-08-27 05:11:24'),
(300, 33, 'LINE_ALBUM_7152023_240724_2.jpg', '2024-08-27 05:11:24'),
(301, 34, 'LINE_ALBUM_7152023_240724_2.jpg', '2024-08-27 05:11:24'),
(302, 35, 'LINE_ALBUM_7152023_240724_2.jpg', '2024-08-27 05:11:24'),
(303, 36, 'LINE_ALBUM_7152023_240724_2.jpg', '2024-08-27 05:11:24'),
(304, 37, 'LINE_ALBUM_7152023_240724_2.jpg', '2024-08-27 05:11:24'),
(305, 38, 'LINE_ALBUM_7152023_240724_2.jpg', '2024-08-27 05:11:24'),
(306, 39, 'LINE_ALBUM_7152023_240724_2.jpg', '2024-08-27 05:11:24'),
(307, 40, 'LINE_ALBUM_7152023_240724_2.jpg', '2024-08-27 05:11:24'),
(308, 51, 'LINE_ALBUM_7152023_240724_2.jpg', '2024-08-27 05:11:24'),
(309, 52, 'LINE_ALBUM_7152023_240724_2.jpg', '2024-08-27 05:11:24'),
(310, 53, 'LINE_ALBUM_7152023_240724_2.jpg', '2024-08-27 05:11:24'),
(311, 54, 'LINE_ALBUM_7152023_240724_2.jpg', '2024-08-27 05:11:24'),
(312, 55, 'LINE_ALBUM_7152023_240724_2.jpg', '2024-08-27 05:11:24'),
(313, 56, 'LINE_ALBUM_7152023_240724_2.jpg', '2024-08-27 05:11:24'),
(314, 57, 'LINE_ALBUM_7152023_240724_2.jpg', '2024-08-27 05:11:24'),
(315, 58, 'LINE_ALBUM_7152023_240724_2.jpg', '2024-08-27 05:11:24'),
(316, 59, 'LINE_ALBUM_7152023_240724_2.jpg', '2024-08-27 05:11:24'),
(317, 60, 'LINE_ALBUM_7152023_240724_2.jpg', '2024-08-27 05:11:24'),
(318, 61, 'LINE_ALBUM_7152023_240724_2.jpg', '2024-08-27 05:11:24'),
(319, 62, 'LINE_ALBUM_7152023_240724_2.jpg', '2024-08-27 05:11:24'),
(320, 63, 'LINE_ALBUM_7152023_240724_2.jpg', '2024-08-27 05:11:24'),
(321, 64, 'LINE_ALBUM_7152023_240724_2.jpg', '2024-08-27 05:11:24'),
(322, 65, 'LINE_ALBUM_7152023_240724_2.jpg', '2024-08-27 05:11:24'),
(323, 66, 'LINE_ALBUM_7152023_240724_2.jpg', '2024-08-27 05:11:24'),
(324, 67, 'LINE_ALBUM_7152023_240724_2.jpg', '2024-08-27 05:11:24'),
(325, 68, 'LINE_ALBUM_7152023_240724_2.jpg', '2024-08-27 05:11:24'),
(326, 69, 'LINE_ALBUM_7152023_240724_2.jpg', '2024-08-27 05:11:24'),
(327, 70, 'LINE_ALBUM_7152023_240724_2.jpg', '2024-08-27 05:11:24'),
(328, 71, 'LINE_ALBUM_7152023_240724_2.jpg', '2024-08-27 05:11:24'),
(329, 72, 'LINE_ALBUM_7152023_240724_2.jpg', '2024-08-27 05:11:24'),
(330, 73, 'LINE_ALBUM_7152023_240724_2.jpg', '2024-08-27 05:11:24'),
(331, 74, 'LINE_ALBUM_7152023_240724_2.jpg', '2024-08-27 05:11:24'),
(332, 75, 'LINE_ALBUM_7152023_240724_2.jpg', '2024-08-27 05:11:24'),
(333, 76, 'LINE_ALBUM_7152023_240724_2.jpg', '2024-08-27 05:11:24'),
(334, 77, 'LINE_ALBUM_7152023_240724_2.jpg', '2024-08-27 05:11:24'),
(335, 78, 'LINE_ALBUM_7152023_240724_2.jpg', '2024-08-27 05:11:24'),
(336, 79, 'LINE_ALBUM_7152023_240724_2.jpg', '2024-08-27 05:11:24'),
(337, 80, 'LINE_ALBUM_7152023_240724_2.jpg', '2024-08-27 05:11:24'),
(338, 81, 'LINE_ALBUM_7152023_240724_2.jpg', '2024-08-27 05:11:24'),
(339, 82, 'LINE_ALBUM_7152023_240724_2.jpg', '2024-08-27 05:11:24'),
(340, 83, 'LINE_ALBUM_7152023_240724_2.jpg', '2024-08-27 05:11:24'),
(341, 84, 'LINE_ALBUM_7152023_240724_2.jpg', '2024-08-27 05:11:24'),
(342, 85, 'LINE_ALBUM_7152023_240724_2.jpg', '2024-08-27 05:11:24'),
(343, 86, 'LINE_ALBUM_7152023_240724_2.jpg', '2024-08-27 05:11:24'),
(344, 87, 'LINE_ALBUM_7152023_240724_2.jpg', '2024-08-27 05:11:24'),
(345, 88, 'LINE_ALBUM_7152023_240724_2.jpg', '2024-08-27 05:11:24'),
(346, 89, 'LINE_ALBUM_7152023_240724_2.jpg', '2024-08-27 05:11:24'),
(347, 90, 'LINE_ALBUM_7152023_240724_2.jpg', '2024-08-27 05:11:24'),
(348, 91, 'LINE_ALBUM_7152023_240724_2.jpg', '2024-08-27 05:11:24'),
(349, 92, 'LINE_ALBUM_7152023_240724_2.jpg', '2024-08-27 05:11:24'),
(350, 93, 'LINE_ALBUM_7152023_240724_2.jpg', '2024-08-27 05:11:24'),
(351, 94, 'LINE_ALBUM_7152023_240724_2.jpg', '2024-08-27 05:11:24'),
(352, 95, 'LINE_ALBUM_7152023_240724_2.jpg', '2024-08-27 05:11:24'),
(353, 96, 'LINE_ALBUM_7152023_240724_2.jpg', '2024-08-27 05:11:24'),
(354, 97, 'LINE_ALBUM_7152023_240724_2.jpg', '2024-08-27 05:11:24'),
(355, 98, 'LINE_ALBUM_7152023_240724_2.jpg', '2024-08-27 05:11:24'),
(356, 99, 'LINE_ALBUM_7152023_240724_2.jpg', '2024-08-27 05:11:24'),
(357, 100, 'LINE_ALBUM_7152023_240724_2.jpg', '2024-08-27 05:11:24'),
(358, 101, 'LINE_ALBUM_7152023_240724_2.jpg', '2024-08-27 05:11:24'),
(359, 102, 'LINE_ALBUM_7152023_240724_2.jpg', '2024-08-27 05:11:24'),
(360, 103, 'LINE_ALBUM_7152023_240724_2.jpg', '2024-08-27 05:11:24'),
(361, 104, 'LINE_ALBUM_7152023_240724_2.jpg', '2024-08-27 05:11:24'),
(362, 105, 'LINE_ALBUM_7152023_240724_2.jpg', '2024-08-27 05:11:24'),
(363, 106, 'LINE_ALBUM_7152023_240724_2.jpg', '2024-08-27 05:11:24'),
(364, 107, 'LINE_ALBUM_7152023_240724_2.jpg', '2024-08-27 05:11:24'),
(365, 108, 'LINE_ALBUM_7152023_240724_2.jpg', '2024-08-27 05:11:24'),
(366, 109, 'LINE_ALBUM_7152023_240724_2.jpg', '2024-08-27 05:11:24'),
(367, 110, 'LINE_ALBUM_7152023_240724_2.jpg', '2024-08-27 05:11:24'),
(368, 111, 'LINE_ALBUM_7152023_240724_2.jpg', '2024-08-27 05:11:24'),
(369, 112, 'LINE_ALBUM_7152023_240724_2.jpg', '2024-08-27 05:11:24'),
(370, 113, 'LINE_ALBUM_7152023_240724_2.jpg', '2024-08-27 05:11:24'),
(371, 114, 'LINE_ALBUM_7152023_240724_2.jpg', '2024-08-27 05:11:24'),
(372, 115, 'LINE_ALBUM_7152023_240724_2.jpg', '2024-08-27 05:11:24'),
(373, 116, 'LINE_ALBUM_7152023_240724_2.jpg', '2024-08-27 05:11:24'),
(374, 117, 'LINE_ALBUM_7152023_240724_2.jpg', '2024-08-27 05:11:24'),
(375, 118, 'LINE_ALBUM_7152023_240724_2.jpg', '2024-08-27 05:11:24'),
(376, 119, 'LINE_ALBUM_7152023_240724_2.jpg', '2024-08-27 05:11:24'),
(377, 120, 'LINE_ALBUM_7152023_240724_2.jpg', '2024-08-27 05:11:24'),
(378, 121, 'LINE_ALBUM_7152023_240724_2.jpg', '2024-08-27 05:11:24'),
(379, 122, 'LINE_ALBUM_7152023_240724_2.jpg', '2024-08-27 05:11:24'),
(380, 123, 'LINE_ALBUM_7152023_240724_2.jpg', '2024-08-27 05:11:24'),
(381, 124, 'LINE_ALBUM_7152023_240724_2.jpg', '2024-08-27 05:11:24'),
(382, 125, 'LINE_ALBUM_7152023_240724_2.jpg', '2024-08-27 05:11:24'),
(383, 126, 'LINE_ALBUM_7152023_240724_2.jpg', '2024-08-27 05:11:24'),
(384, 127, 'LINE_ALBUM_7152023_240724_2.jpg', '2024-08-27 05:11:24'),
(385, 128, 'LINE_ALBUM_7152023_240724_2.jpg', '2024-08-27 05:11:24'),
(386, 129, 'LINE_ALBUM_7152023_240724_2.jpg', '2024-08-27 05:11:24'),
(387, 130, 'LINE_ALBUM_7152023_240724_2.jpg', '2024-08-27 05:11:24'),
(388, 131, 'LINE_ALBUM_7152023_240724_2.jpg', '2024-08-27 05:11:24'),
(389, 132, 'LINE_ALBUM_7152023_240724_2.jpg', '2024-08-27 05:11:24'),
(390, 133, 'LINE_ALBUM_7152023_240724_2.jpg', '2024-08-27 05:11:24'),
(391, 134, 'LINE_ALBUM_7152023_240724_2.jpg', '2024-08-27 05:11:24'),
(392, 135, 'LINE_ALBUM_7152023_240724_2.jpg', '2024-08-27 05:11:24'),
(393, 136, 'LINE_ALBUM_7152023_240724_2.jpg', '2024-08-27 05:11:24'),
(394, 137, 'LINE_ALBUM_7152023_240724_2.jpg', '2024-08-27 05:11:24'),
(395, 138, 'LINE_ALBUM_7152023_240724_2.jpg', '2024-08-27 05:11:24'),
(396, 139, 'LINE_ALBUM_7152023_240724_2.jpg', '2024-08-27 05:11:24'),
(397, 140, 'LINE_ALBUM_7152023_240724_2.jpg', '2024-08-27 05:11:24'),
(398, 141, 'LINE_ALBUM_7152023_240724_2.jpg', '2024-08-27 05:11:24'),
(399, 142, 'LINE_ALBUM_7152023_240724_2.jpg', '2024-08-27 05:11:24'),
(400, 143, 'LINE_ALBUM_7152023_240724_2.jpg', '2024-08-27 05:11:24'),
(401, 144, 'LINE_ALBUM_7152023_240724_2.jpg', '2024-08-27 05:11:24'),
(402, 145, 'LINE_ALBUM_7152023_240724_2.jpg', '2024-08-27 05:11:24'),
(403, 146, 'LINE_ALBUM_7152023_240724_2.jpg', '2024-08-27 05:11:24'),
(404, 147, 'LINE_ALBUM_7152023_240724_2.jpg', '2024-08-27 05:11:24'),
(405, 148, 'LINE_ALBUM_7152023_240724_2.jpg', '2024-08-27 05:11:24'),
(406, 149, 'LINE_ALBUM_7152023_240724_2.jpg', '2024-08-27 05:11:24'),
(407, 150, 'LINE_ALBUM_7152023_240724_2.jpg', '2024-08-27 05:11:24'),
(408, 151, 'LINE_ALBUM_7152023_240724_2.jpg', '2024-08-27 05:11:24'),
(409, 152, 'LINE_ALBUM_7152023_240724_2.jpg', '2024-08-27 05:11:24'),
(410, 153, 'LINE_ALBUM_7152023_240724_2.jpg', '2024-08-27 05:11:24'),
(411, 154, 'LINE_ALBUM_7152023_240724_2.jpg', '2024-08-27 05:11:24'),
(412, 155, 'LINE_ALBUM_7152023_240724_2.jpg', '2024-08-27 05:11:24'),
(413, 156, 'LINE_ALBUM_7152023_240724_2.jpg', '2024-08-27 05:11:24'),
(414, 157, 'LINE_ALBUM_7152023_240724_2.jpg', '2024-08-27 05:11:24'),
(415, 158, 'LINE_ALBUM_7152023_240724_2.jpg', '2024-08-27 05:11:24'),
(416, 159, 'LINE_ALBUM_7152023_240724_2.jpg', '2024-08-27 05:11:24'),
(513, 1, 'LINE_ALBUM_7152023_240724_3.jpg', '2024-08-27 05:11:24'),
(514, 2, 'LINE_ALBUM_7152023_240724_3.jpg', '2024-08-27 05:11:24'),
(515, 3, 'LINE_ALBUM_7152023_240724_3.jpg', '2024-08-27 05:11:24'),
(516, 4, 'LINE_ALBUM_7152023_240724_3.jpg', '2024-08-27 05:11:24'),
(517, 5, 'LINE_ALBUM_7152023_240724_3.jpg', '2024-08-27 05:11:24'),
(518, 6, 'LINE_ALBUM_7152023_240724_3.jpg', '2024-08-27 05:11:24'),
(519, 7, 'LINE_ALBUM_7152023_240724_3.jpg', '2024-08-27 05:11:24'),
(520, 8, 'LINE_ALBUM_7152023_240724_3.jpg', '2024-08-27 05:11:24'),
(521, 9, 'LINE_ALBUM_7152023_240724_3.jpg', '2024-08-27 05:11:24'),
(522, 10, 'LINE_ALBUM_7152023_240724_3.jpg', '2024-08-27 05:11:24'),
(523, 21, 'LINE_ALBUM_7152023_240724_3.jpg', '2024-08-27 05:11:24'),
(524, 22, 'LINE_ALBUM_7152023_240724_3.jpg', '2024-08-27 05:11:24'),
(525, 23, 'LINE_ALBUM_7152023_240724_3.jpg', '2024-08-27 05:11:24'),
(526, 24, 'LINE_ALBUM_7152023_240724_3.jpg', '2024-08-27 05:11:24'),
(527, 25, 'LINE_ALBUM_7152023_240724_3.jpg', '2024-08-27 05:11:24'),
(528, 26, 'LINE_ALBUM_7152023_240724_3.jpg', '2024-08-27 05:11:24'),
(529, 27, 'LINE_ALBUM_7152023_240724_3.jpg', '2024-08-27 05:11:24'),
(530, 28, 'LINE_ALBUM_7152023_240724_3.jpg', '2024-08-27 05:11:24'),
(531, 29, 'LINE_ALBUM_7152023_240724_3.jpg', '2024-08-27 05:11:24'),
(532, 30, 'LINE_ALBUM_7152023_240724_3.jpg', '2024-08-27 05:11:24'),
(533, 41, 'LINE_ALBUM_7152023_240724_3.jpg', '2024-08-27 05:11:24'),
(534, 42, 'LINE_ALBUM_7152023_240724_3.jpg', '2024-08-27 05:11:24'),
(535, 43, 'LINE_ALBUM_7152023_240724_3.jpg', '2024-08-27 05:11:24'),
(536, 44, 'LINE_ALBUM_7152023_240724_3.jpg', '2024-08-27 05:11:24'),
(537, 45, 'LINE_ALBUM_7152023_240724_3.jpg', '2024-08-27 05:11:24'),
(538, 46, 'LINE_ALBUM_7152023_240724_3.jpg', '2024-08-27 05:11:24'),
(539, 47, 'LINE_ALBUM_7152023_240724_3.jpg', '2024-08-27 05:11:24'),
(540, 48, 'LINE_ALBUM_7152023_240724_3.jpg', '2024-08-27 05:11:24'),
(541, 49, 'LINE_ALBUM_7152023_240724_3.jpg', '2024-08-27 05:11:24'),
(542, 50, 'LINE_ALBUM_7152023_240724_3.jpg', '2024-08-27 05:11:24'),
(543, 11, 'LINE_ALBUM_7152023_240724_3.jpg', '2024-08-27 05:11:24'),
(544, 12, 'LINE_ALBUM_7152023_240724_3.jpg', '2024-08-27 05:11:24'),
(545, 13, 'LINE_ALBUM_7152023_240724_3.jpg', '2024-08-27 05:11:24'),
(546, 14, 'LINE_ALBUM_7152023_240724_3.jpg', '2024-08-27 05:11:24'),
(547, 15, 'LINE_ALBUM_7152023_240724_3.jpg', '2024-08-27 05:11:24'),
(548, 16, 'LINE_ALBUM_7152023_240724_3.jpg', '2024-08-27 05:11:24'),
(549, 17, 'LINE_ALBUM_7152023_240724_3.jpg', '2024-08-27 05:11:24'),
(550, 18, 'LINE_ALBUM_7152023_240724_3.jpg', '2024-08-27 05:11:24'),
(551, 19, 'LINE_ALBUM_7152023_240724_3.jpg', '2024-08-27 05:11:24'),
(552, 20, 'LINE_ALBUM_7152023_240724_3.jpg', '2024-08-27 05:11:24'),
(553, 31, 'LINE_ALBUM_7152023_240724_3.jpg', '2024-08-27 05:11:24'),
(554, 32, 'LINE_ALBUM_7152023_240724_3.jpg', '2024-08-27 05:11:24'),
(555, 33, 'LINE_ALBUM_7152023_240724_3.jpg', '2024-08-27 05:11:24'),
(556, 34, 'LINE_ALBUM_7152023_240724_3.jpg', '2024-08-27 05:11:24'),
(557, 35, 'LINE_ALBUM_7152023_240724_3.jpg', '2024-08-27 05:11:24'),
(558, 36, 'LINE_ALBUM_7152023_240724_3.jpg', '2024-08-27 05:11:24'),
(559, 37, 'LINE_ALBUM_7152023_240724_3.jpg', '2024-08-27 05:11:24'),
(560, 38, 'LINE_ALBUM_7152023_240724_3.jpg', '2024-08-27 05:11:24'),
(561, 39, 'LINE_ALBUM_7152023_240724_3.jpg', '2024-08-27 05:11:24'),
(562, 40, 'LINE_ALBUM_7152023_240724_3.jpg', '2024-08-27 05:11:24'),
(563, 51, 'LINE_ALBUM_7152023_240724_3.jpg', '2024-08-27 05:11:24'),
(564, 52, 'LINE_ALBUM_7152023_240724_3.jpg', '2024-08-27 05:11:24'),
(565, 53, 'LINE_ALBUM_7152023_240724_3.jpg', '2024-08-27 05:11:24'),
(566, 54, 'LINE_ALBUM_7152023_240724_3.jpg', '2024-08-27 05:11:24'),
(567, 55, 'LINE_ALBUM_7152023_240724_3.jpg', '2024-08-27 05:11:24'),
(568, 56, 'LINE_ALBUM_7152023_240724_3.jpg', '2024-08-27 05:11:24'),
(569, 57, 'LINE_ALBUM_7152023_240724_3.jpg', '2024-08-27 05:11:24'),
(570, 58, 'LINE_ALBUM_7152023_240724_3.jpg', '2024-08-27 05:11:24'),
(571, 59, 'LINE_ALBUM_7152023_240724_3.jpg', '2024-08-27 05:11:24'),
(572, 60, 'LINE_ALBUM_7152023_240724_3.jpg', '2024-08-27 05:11:24'),
(573, 61, 'LINE_ALBUM_7152023_240724_3.jpg', '2024-08-27 05:11:24'),
(574, 62, 'LINE_ALBUM_7152023_240724_3.jpg', '2024-08-27 05:11:24'),
(575, 63, 'LINE_ALBUM_7152023_240724_3.jpg', '2024-08-27 05:11:24'),
(576, 64, 'LINE_ALBUM_7152023_240724_3.jpg', '2024-08-27 05:11:24'),
(577, 65, 'LINE_ALBUM_7152023_240724_3.jpg', '2024-08-27 05:11:24'),
(578, 66, 'LINE_ALBUM_7152023_240724_3.jpg', '2024-08-27 05:11:24'),
(579, 67, 'LINE_ALBUM_7152023_240724_3.jpg', '2024-08-27 05:11:24'),
(580, 68, 'LINE_ALBUM_7152023_240724_3.jpg', '2024-08-27 05:11:24'),
(581, 69, 'LINE_ALBUM_7152023_240724_3.jpg', '2024-08-27 05:11:24'),
(582, 70, 'LINE_ALBUM_7152023_240724_3.jpg', '2024-08-27 05:11:24'),
(583, 71, 'LINE_ALBUM_7152023_240724_3.jpg', '2024-08-27 05:11:24'),
(584, 72, 'LINE_ALBUM_7152023_240724_3.jpg', '2024-08-27 05:11:24'),
(585, 73, 'LINE_ALBUM_7152023_240724_3.jpg', '2024-08-27 05:11:24'),
(586, 74, 'LINE_ALBUM_7152023_240724_3.jpg', '2024-08-27 05:11:24'),
(587, 75, 'LINE_ALBUM_7152023_240724_3.jpg', '2024-08-27 05:11:24'),
(588, 76, 'LINE_ALBUM_7152023_240724_3.jpg', '2024-08-27 05:11:24'),
(589, 77, 'LINE_ALBUM_7152023_240724_3.jpg', '2024-08-27 05:11:24'),
(590, 78, 'LINE_ALBUM_7152023_240724_3.jpg', '2024-08-27 05:11:24'),
(591, 79, 'LINE_ALBUM_7152023_240724_3.jpg', '2024-08-27 05:11:24'),
(592, 80, 'LINE_ALBUM_7152023_240724_3.jpg', '2024-08-27 05:11:24'),
(593, 81, 'LINE_ALBUM_7152023_240724_3.jpg', '2024-08-27 05:11:24'),
(594, 82, 'LINE_ALBUM_7152023_240724_3.jpg', '2024-08-27 05:11:24'),
(595, 83, 'LINE_ALBUM_7152023_240724_3.jpg', '2024-08-27 05:11:24'),
(596, 84, 'LINE_ALBUM_7152023_240724_3.jpg', '2024-08-27 05:11:24'),
(597, 85, 'LINE_ALBUM_7152023_240724_3.jpg', '2024-08-27 05:11:24'),
(598, 86, 'LINE_ALBUM_7152023_240724_3.jpg', '2024-08-27 05:11:24'),
(599, 87, 'LINE_ALBUM_7152023_240724_3.jpg', '2024-08-27 05:11:24'),
(600, 88, 'LINE_ALBUM_7152023_240724_3.jpg', '2024-08-27 05:11:24'),
(601, 89, 'LINE_ALBUM_7152023_240724_3.jpg', '2024-08-27 05:11:24'),
(602, 90, 'LINE_ALBUM_7152023_240724_3.jpg', '2024-08-27 05:11:24'),
(603, 91, 'LINE_ALBUM_7152023_240724_3.jpg', '2024-08-27 05:11:24'),
(604, 92, 'LINE_ALBUM_7152023_240724_3.jpg', '2024-08-27 05:11:24'),
(605, 93, 'LINE_ALBUM_7152023_240724_3.jpg', '2024-08-27 05:11:24'),
(606, 94, 'LINE_ALBUM_7152023_240724_3.jpg', '2024-08-27 05:11:24'),
(607, 95, 'LINE_ALBUM_7152023_240724_3.jpg', '2024-08-27 05:11:24'),
(608, 96, 'LINE_ALBUM_7152023_240724_3.jpg', '2024-08-27 05:11:24'),
(609, 97, 'LINE_ALBUM_7152023_240724_3.jpg', '2024-08-27 05:11:24'),
(610, 98, 'LINE_ALBUM_7152023_240724_3.jpg', '2024-08-27 05:11:24'),
(611, 99, 'LINE_ALBUM_7152023_240724_3.jpg', '2024-08-27 05:11:24'),
(612, 100, 'LINE_ALBUM_7152023_240724_3.jpg', '2024-08-27 05:11:24'),
(613, 101, 'LINE_ALBUM_7152023_240724_3.jpg', '2024-08-27 05:11:24'),
(614, 102, 'LINE_ALBUM_7152023_240724_3.jpg', '2024-08-27 05:11:24'),
(615, 103, 'LINE_ALBUM_7152023_240724_3.jpg', '2024-08-27 05:11:24'),
(616, 104, 'LINE_ALBUM_7152023_240724_3.jpg', '2024-08-27 05:11:24'),
(617, 105, 'LINE_ALBUM_7152023_240724_3.jpg', '2024-08-27 05:11:24'),
(618, 106, 'LINE_ALBUM_7152023_240724_3.jpg', '2024-08-27 05:11:24'),
(619, 107, 'LINE_ALBUM_7152023_240724_3.jpg', '2024-08-27 05:11:24'),
(620, 108, 'LINE_ALBUM_7152023_240724_3.jpg', '2024-08-27 05:11:24'),
(621, 109, 'LINE_ALBUM_7152023_240724_3.jpg', '2024-08-27 05:11:24'),
(622, 110, 'LINE_ALBUM_7152023_240724_3.jpg', '2024-08-27 05:11:24'),
(623, 111, 'LINE_ALBUM_7152023_240724_3.jpg', '2024-08-27 05:11:24'),
(624, 112, 'LINE_ALBUM_7152023_240724_3.jpg', '2024-08-27 05:11:24'),
(625, 113, 'LINE_ALBUM_7152023_240724_3.jpg', '2024-08-27 05:11:24'),
(626, 114, 'LINE_ALBUM_7152023_240724_3.jpg', '2024-08-27 05:11:24'),
(627, 115, 'LINE_ALBUM_7152023_240724_3.jpg', '2024-08-27 05:11:24'),
(628, 116, 'LINE_ALBUM_7152023_240724_3.jpg', '2024-08-27 05:11:24'),
(629, 117, 'LINE_ALBUM_7152023_240724_3.jpg', '2024-08-27 05:11:24'),
(630, 118, 'LINE_ALBUM_7152023_240724_3.jpg', '2024-08-27 05:11:24'),
(631, 119, 'LINE_ALBUM_7152023_240724_3.jpg', '2024-08-27 05:11:24'),
(632, 120, 'LINE_ALBUM_7152023_240724_3.jpg', '2024-08-27 05:11:24'),
(633, 121, 'LINE_ALBUM_7152023_240724_3.jpg', '2024-08-27 05:11:24'),
(634, 122, 'LINE_ALBUM_7152023_240724_3.jpg', '2024-08-27 05:11:24'),
(635, 123, 'LINE_ALBUM_7152023_240724_3.jpg', '2024-08-27 05:11:24'),
(636, 124, 'LINE_ALBUM_7152023_240724_3.jpg', '2024-08-27 05:11:24'),
(637, 125, 'LINE_ALBUM_7152023_240724_3.jpg', '2024-08-27 05:11:24'),
(638, 126, 'LINE_ALBUM_7152023_240724_3.jpg', '2024-08-27 05:11:24'),
(639, 127, 'LINE_ALBUM_7152023_240724_3.jpg', '2024-08-27 05:11:24'),
(640, 128, 'LINE_ALBUM_7152023_240724_3.jpg', '2024-08-27 05:11:24'),
(641, 129, 'LINE_ALBUM_7152023_240724_3.jpg', '2024-08-27 05:11:24'),
(642, 130, 'LINE_ALBUM_7152023_240724_3.jpg', '2024-08-27 05:11:24'),
(643, 131, 'LINE_ALBUM_7152023_240724_3.jpg', '2024-08-27 05:11:24'),
(644, 132, 'LINE_ALBUM_7152023_240724_3.jpg', '2024-08-27 05:11:24'),
(645, 133, 'LINE_ALBUM_7152023_240724_3.jpg', '2024-08-27 05:11:24'),
(646, 134, 'LINE_ALBUM_7152023_240724_3.jpg', '2024-08-27 05:11:24'),
(647, 135, 'LINE_ALBUM_7152023_240724_3.jpg', '2024-08-27 05:11:24'),
(648, 136, 'LINE_ALBUM_7152023_240724_3.jpg', '2024-08-27 05:11:24'),
(649, 137, 'LINE_ALBUM_7152023_240724_3.jpg', '2024-08-27 05:11:24'),
(650, 138, 'LINE_ALBUM_7152023_240724_3.jpg', '2024-08-27 05:11:24'),
(651, 139, 'LINE_ALBUM_7152023_240724_3.jpg', '2024-08-27 05:11:24'),
(652, 140, 'LINE_ALBUM_7152023_240724_3.jpg', '2024-08-27 05:11:24'),
(653, 141, 'LINE_ALBUM_7152023_240724_3.jpg', '2024-08-27 05:11:24'),
(654, 142, 'LINE_ALBUM_7152023_240724_3.jpg', '2024-08-27 05:11:24'),
(655, 143, 'LINE_ALBUM_7152023_240724_3.jpg', '2024-08-27 05:11:24'),
(656, 144, 'LINE_ALBUM_7152023_240724_3.jpg', '2024-08-27 05:11:24'),
(657, 145, 'LINE_ALBUM_7152023_240724_3.jpg', '2024-08-27 05:11:24'),
(658, 146, 'LINE_ALBUM_7152023_240724_3.jpg', '2024-08-27 05:11:24'),
(659, 147, 'LINE_ALBUM_7152023_240724_3.jpg', '2024-08-27 05:11:24'),
(660, 148, 'LINE_ALBUM_7152023_240724_3.jpg', '2024-08-27 05:11:24'),
(661, 149, 'LINE_ALBUM_7152023_240724_3.jpg', '2024-08-27 05:11:24'),
(662, 150, 'LINE_ALBUM_7152023_240724_3.jpg', '2024-08-27 05:11:24'),
(663, 151, 'LINE_ALBUM_7152023_240724_3.jpg', '2024-08-27 05:11:24'),
(664, 152, 'LINE_ALBUM_7152023_240724_3.jpg', '2024-08-27 05:11:24'),
(665, 153, 'LINE_ALBUM_7152023_240724_3.jpg', '2024-08-27 05:11:24'),
(666, 154, 'LINE_ALBUM_7152023_240724_3.jpg', '2024-08-27 05:11:24'),
(667, 155, 'LINE_ALBUM_7152023_240724_3.jpg', '2024-08-27 05:11:24'),
(668, 156, 'LINE_ALBUM_7152023_240724_3.jpg', '2024-08-27 05:11:24'),
(669, 157, 'LINE_ALBUM_7152023_240724_3.jpg', '2024-08-27 05:11:24'),
(670, 158, 'LINE_ALBUM_7152023_240724_3.jpg', '2024-08-27 05:11:24'),
(671, 159, 'LINE_ALBUM_7152023_240724_3.jpg', '2024-08-27 05:11:24');

-- --------------------------------------------------------

--
-- Table structure for table `tourist_entities`
--

CREATE TABLE `tourist_entities` (
  `id` int(7) NOT NULL,
  `name` varchar(255) NOT NULL,
  `description` text DEFAULT NULL,
  `location` varchar(255) DEFAULT NULL,
  `latitude` decimal(10,8) DEFAULT NULL,
  `longitude` decimal(11,8) DEFAULT NULL,
  `district_id` int(5) NOT NULL,
  `category_id` int(11) NOT NULL,
  `created_date` datetime DEFAULT current_timestamp(),
  `created_by` int(7) NOT NULL,
  `published` tinyint(1) DEFAULT 0,
  `rating` float DEFAULT NULL
) ENGINE=InnoDB DEFAULT CHARSET=utf8 COLLATE=utf8_general_ci;

--
-- Dumping data for table `tourist_entities`
--

INSERT INTO `tourist_entities` (`id`, `name`, `description`, `location`, `latitude`, `longitude`, `district_id`, `category_id`, `created_date`, `created_by`, `published`, `rating`) VALUES
(1, 'พระธาตุพนม', 'วัดพระธาตุพนมเป็นวัดโบราณและเป็นสถานที่สำคัญของนครพนม', 'ต.ในเมือง อ.เมืองนครพนม จ.นครพนม', 17.41250000, 104.78170000, 1, 1, '2024-08-12 23:36:11', 1, 1, 3.5),
(2, 'ตลาดอินโดจีน', 'ตลาดที่มีสินค้าและอาหารท้องถิ่นมากมาย ริมฝั่งแม่น้ำโขง', 'ถ.ประชาสามัคคี อ.เมืองนครพนม จ.นครพนม', 17.41070000, 104.78020000, 1, 4, '2024-08-12 23:36:11', 1, 1, 3.9),
(3, 'โรงแรมฟอร์จูน ริเวอร์วิว', 'โรงแรมริมน้ำโขง ให้บริการห้องพักที่มีวิวสวยของแม่น้ำ', 'ถ.สุนทรวิจิตร อ.เมืองนครพนม จ.นครพนม', 17.39400000, 104.77930000, 1, 2, '2024-08-12 23:36:11', 1, 1, 4),
(4, 'ร้านอาหารริมโขง', 'ร้านอาหารที่ให้บริการอาหารไทยและอาหารท้องถิ่นพร้อมวิวแม่น้ำโขง', 'ถ.ริมโขง อ.เมืองนครพนม จ.นครพนม', 17.39670000, 104.77840000, 1, 3, '2024-08-12 23:36:11', 1, 1, 3.1),
(5, 'พิพิธภัณฑ์จวนผู้ว่าราชการ', 'สถานที่จัดแสดงความเป็นมาของจังหวัดนครพนม', 'ถ.เฟื่องนคร อ.เมืองนครพนม จ.นครพนม', 17.39810000, 104.77540000, 1, 1, '2024-08-12 23:36:11', 1, 1, 2.6),
(6, 'โรงแรมเวียงคำ', 'โรงแรมเก่าแก่ที่มีการตกแต่งแบบดั้งเดิม อยู่ใกล้ตลาดอินโดจีน', 'ถ.เฟื่องนคร อ.เมืองนครพนม จ.นครพนม', 17.39950000, 104.77450000, 1, 2, '2024-08-12 23:36:11', 1, 1, 2.5),
(7, 'ร้านแซ่บปลาบึก', 'ร้านอาหารที่เน้นการทำอาหารจากปลาบึกที่สดใหม่', 'ถ.ประชาราษฎร์ อ.เมืองนครพนม จ.นครพนม', 17.41020000, 104.77960000, 1, 3, '2024-08-12 23:36:11', 1, 1, 4),
(8, 'สะพานมิตรภาพไทย-ลาว แห่งที่ 3', 'สะพานเชื่อมต่อไทยและลาวที่ให้วิวทิวทัศน์แม่น้ำโขงที่งดงาม', 'ถ.มิตรภาพ อ.เมืองนครพนม จ.นครพนม', 17.43810000, 104.78270000, 1, 1, '2024-08-12 23:36:11', 1, 1, 3.5),
(9, 'ร้านน้องหอมหวล', 'ขายของฝากท้องถิ่น เช่น ผ้าไหม เครื่องประดับ และขนมไทย', 'ถ.เฟื่องนคร อ.เมืองนครพนม จ.นครพนม', 17.39970000, 104.77430000, 1, 4, '2024-08-12 23:36:11', 1, 1, 4.3),
(10, 'ร้านแม่ฮ่องสอน', 'มีของฝากหลากหลายให้เลือกสรร เช่น ของที่ระลึก และสินค้าพื้นเมือง', 'ถ.เฟื่องนคร อ.เมืองนครพนม จ.นครพนม', 17.39980000, 104.77410000, 1, 4, '2024-08-12 23:36:11', 1, 1, 2.2),
(11, 'อุทยานแห่งชาติภูลังกา', 'อุทยานแห่งชาติที่มีทิวทัศน์สวยงามและมีสัตว์ป่าหลากหลายชนิด', 'ต.บ้านแพง อ.บ้านแพง จ.นครพนม', 17.76670000, 104.07530000, 2, 1, '2024-08-12 23:36:11', 1, 1, 1.1),
(12, 'ร้านครัวปลาเผา', 'ร้านอาหารที่ขึ้นชื่อเรื่องอาหารปลาและอาหารไทยพื้นบ้าน', 'ต.บ้านแพง อ.บ้านแพง จ.นครพนม', 17.76890000, 104.07120000, 2, 3, '2024-08-12 23:36:11', 1, 1, 1.9),
(13, 'โรงแรมบ้านแพงรีสอร์ท', 'รีสอร์ทเล็ก ๆ ที่ตั้งอยู่ท่ามกลางธรรมชาติ เหมาะสำหรับการพักผ่อน', 'ต.บ้านแพง อ.บ้านแพง จ.นครพนม', 17.76720000, 104.07340000, 2, 2, '2024-08-12 23:36:11', 1, 1, 1.1),
(14, 'ตลาดบ้านแพง', 'ตลาดที่มีสินค้าและของฝากจากชุมชนท้องถิ่น', 'ต.บ้านแพง อ.บ้านแพง จ.นครพนม', 17.76980000, 104.07310000, 2, 4, '2024-08-12 23:36:11', 1, 1, 2.7),
(15, 'วัดพระธาตุบ้านแพง', 'วัดสำคัญในอำเภอบ้านแพงที่มีประวัติยาวนาน', 'ต.บ้านแพง อ.บ้านแพง จ.นครพนม', 17.77010000, 104.07380000, 2, 1, '2024-08-12 23:36:11', 1, 1, 1.3),
(16, 'ร้านอาหารครัวลุงใหญ่', 'ร้านอาหารพื้นบ้านที่ให้บริการอาหารไทยและอาหารอีสาน', 'ต.บ้านแพง อ.บ้านแพง จ.นครพนม', 17.76910000, 104.07350000, 2, 3, '2024-08-12 23:36:11', 1, 1, 1.4),
(17, 'โรงแรมบ้านแพงกรีนวิลล์', 'รีสอร์ทที่ตั้งอยู่ในบรรยากาศธรรมชาติ ให้บริการห้องพักที่สะดวกสบาย', 'ต.บ้านแพง อ.บ้านแพง จ.นครพนม', 17.76940000, 104.07410000, 2, 2, '2024-08-12 23:36:11', 1, 1, 2),
(18, 'ร้านของฝากแม่จำเนียร', 'ร้านที่ขายของฝากและสินค้าพื้นเมืองต่าง ๆ', 'ต.บ้านแพง อ.บ้านแพง จ.นครพนม', 17.76960000, 104.07430000, 2, 4, '2024-08-12 23:36:11', 1, 1, 4.8),
(19, 'สะพานมิตรภาพไทย-ลาว แห่งที่ 4', 'สะพานที่เชื่อมต่อไทยและลาว อีกหนึ่งจุดชมวิวที่งดงาม', 'ต.บ้านแพง อ.บ้านแพง จ.นครพนม', 17.76870000, 104.07500000, 2, 1, '2024-08-12 23:36:11', 1, 1, 5),
(20, 'ตลาดบ้านแพงกลางคืน', 'ตลาดกลางคืนที่มีอาหารและสินค้าต่าง ๆ ให้เลือกซื้อ', 'ต.บ้านแพง อ.บ้านแพง จ.นครพนม', 17.76880000, 104.07510000, 2, 4, '2024-08-12 23:36:11', 1, 1, 1.5),
(21, 'พระธาตุพนม', 'วัดพระธาตุพนมเป็นวัดโบราณและเป็นสถานที่สำคัญของนครพนม', 'ต.ในเมือง อ.เมืองนครพนม จ.นครพนม', 17.41250000, 104.78170000, 1, 1, '2024-08-12 23:36:23', 1, 1, 3.6),
(22, 'ตลาดอินโดจีน', 'ตลาดที่มีสินค้าและอาหารท้องถิ่นมากมาย ริมฝั่งแม่น้ำโขง', 'ถ.ประชาสามัคคี อ.เมืองนครพนม จ.นครพนม', 17.41070000, 104.78020000, 1, 4, '2024-08-12 23:36:23', 1, 1, 4.3),
(23, 'โรงแรมฟอร์จูน ริเวอร์วิว', 'โรงแรมริมน้ำโขง ให้บริการห้องพักที่มีวิวสวยของแม่น้ำ', 'ถ.สุนทรวิจิตร อ.เมืองนครพนม จ.นครพนม', 17.39400000, 104.77930000, 1, 2, '2024-08-12 23:36:23', 1, 1, 2),
(24, 'ร้านอาหารริมโขง', 'ร้านอาหารที่ให้บริการอาหารไทยและอาหารท้องถิ่นพร้อมวิวแม่น้ำโขง', 'ถ.ริมโขง อ.เมืองนครพนม จ.นครพนม', 17.39670000, 104.77840000, 1, 3, '2024-08-12 23:36:23', 1, 1, 4),
(25, 'พิพิธภัณฑ์จวนผู้ว่าราชการ', 'สถานที่จัดแสดงความเป็นมาของจังหวัดนครพนม', 'ถ.เฟื่องนคร อ.เมืองนครพนม จ.นครพนม', 17.39810000, 104.77540000, 1, 1, '2024-08-12 23:36:23', 1, 1, 4.9),
(26, 'โรงแรมเวียงคำ', 'โรงแรมเก่าแก่ที่มีการตกแต่งแบบดั้งเดิม อยู่ใกล้ตลาดอินโดจีน', 'ถ.เฟื่องนคร อ.เมืองนครพนม จ.นครพนม', 17.39950000, 104.77450000, 1, 2, '2024-08-12 23:36:23', 1, 1, 3.4),
(27, 'ร้านแซ่บปลาบึก', 'ร้านอาหารที่เน้นการทำอาหารจากปลาบึกที่สดใหม่', 'ถ.ประชาราษฎร์ อ.เมืองนครพนม จ.นครพนม', 17.41020000, 104.77960000, 1, 3, '2024-08-12 23:36:23', 1, 1, 1.5),
(28, 'สะพานมิตรภาพไทย-ลาว แห่งที่ 3', 'สะพานเชื่อมต่อไทยและลาวที่ให้วิวทิวทัศน์แม่น้ำโขงที่งดงาม', 'ถ.มิตรภาพ อ.เมืองนครพนม จ.นครพนม', 17.43810000, 104.78270000, 1, 1, '2024-08-12 23:36:23', 1, 1, 4.1),
(29, 'ร้านน้องหอมหวล', 'ขายของฝากท้องถิ่น เช่น ผ้าไหม เครื่องประดับ และขนมไทย', 'ถ.เฟื่องนคร อ.เมืองนครพนม จ.นครพนม', 17.39970000, 104.77430000, 1, 4, '2024-08-12 23:36:23', 1, 1, 3.2),
(30, 'ร้านแม่ฮ่องสอน', 'มีของฝากหลากหลายให้เลือกสรร เช่น ของที่ระลึก และสินค้าพื้นเมือง', 'ถ.เฟื่องนคร อ.เมืองนครพนม จ.นครพนม', 17.39980000, 104.77410000, 1, 4, '2024-08-12 23:36:23', 1, 1, 2.5),
(31, 'อุทยานแห่งชาติภูลังกา', 'อุทยานแห่งชาติที่มีทิวทัศน์สวยงามและมีสัตว์ป่าหลากหลายชนิด', 'ต.บ้านแพง อ.บ้านแพง จ.นครพนม', 17.76670000, 104.07530000, 2, 1, '2024-08-12 23:36:23', 1, 1, 2),
(32, 'ร้านครัวปลาเผา', 'ร้านอาหารที่ขึ้นชื่อเรื่องอาหารปลาและอาหารไทยพื้นบ้าน', 'ต.บ้านแพง อ.บ้านแพง จ.นครพนม', 17.76890000, 104.07120000, 2, 3, '2024-08-12 23:36:23', 1, 1, 1.5),
(33, 'โรงแรมบ้านแพงรีสอร์ท', 'รีสอร์ทเล็ก ๆ ที่ตั้งอยู่ท่ามกลางธรรมชาติ เหมาะสำหรับการพักผ่อน', 'ต.บ้านแพง อ.บ้านแพง จ.นครพนม', 17.76720000, 104.07340000, 2, 2, '2024-08-12 23:36:23', 1, 1, 4.7),
(34, 'ตลาดบ้านแพง', 'ตลาดที่มีสินค้าและของฝากจากชุมชนท้องถิ่น', 'ต.บ้านแพง อ.บ้านแพง จ.นครพนม', 17.76980000, 104.07310000, 2, 4, '2024-08-12 23:36:23', 1, 1, 1.7),
(35, 'วัดพระธาตุบ้านแพง', 'วัดสำคัญในอำเภอบ้านแพงที่มีประวัติยาวนาน', 'ต.บ้านแพง อ.บ้านแพง จ.นครพนม', 17.77010000, 104.07380000, 2, 1, '2024-08-12 23:36:23', 1, 1, 1.3),
(36, 'ร้านอาหารครัวลุงใหญ่', 'ร้านอาหารพื้นบ้านที่ให้บริการอาหารไทยและอาหารอีสาน', 'ต.บ้านแพง อ.บ้านแพง จ.นครพนม', 17.76910000, 104.07350000, 2, 3, '2024-08-12 23:36:23', 1, 1, 4.6),
(37, 'โรงแรมบ้านแพงกรีนวิลล์', 'รีสอร์ทที่ตั้งอยู่ในบรรยากาศธรรมชาติ ให้บริการห้องพักที่สะดวกสบาย', 'ต.บ้านแพง อ.บ้านแพง จ.นครพนม', 17.76940000, 104.07410000, 2, 2, '2024-08-12 23:36:23', 1, 1, 2),
(38, 'ร้านของฝากแม่จำเนียร', 'ร้านที่ขายของฝากและสินค้าพื้นเมืองต่าง ๆ', 'ต.บ้านแพง อ.บ้านแพง จ.นครพนม', 17.76960000, 104.07430000, 2, 4, '2024-08-12 23:36:23', 1, 1, 3.4),
(39, 'สะพานมิตรภาพไทย-ลาว แห่งที่ 4', 'สะพานที่เชื่อมต่อไทยและลาว อีกหนึ่งจุดชมวิวที่งดงาม', 'ต.บ้านแพง อ.บ้านแพง จ.นครพนม', 17.76870000, 104.07500000, 2, 1, '2024-08-12 23:36:23', 1, 1, 2),
(40, 'ตลาดบ้านแพงกลางคืน', 'ตลาดกลางคืนที่มีอาหารและสินค้าต่าง ๆ ให้เลือกซื้อ', 'ต.บ้านแพง อ.บ้านแพง จ.นครพนม', 17.76880000, 104.07510000, 2, 4, '2024-08-12 23:36:23', 1, 1, 2.6),
(41, 'พระธาตุพนม', 'วัดพระธาตุพนมเป็นวัดโบราณและเป็นสถานที่สำคัญของนครพนม', 'ต.ในเมือง อ.เมืองนครพนม จ.นครพนม', 17.41250000, 104.78170000, 1, 1, '2024-08-12 23:36:43', 1, 1, 2.3),
(42, 'ตลาดอินโดจีน', 'ตลาดที่มีสินค้าและอาหารท้องถิ่นมากมาย ริมฝั่งแม่น้ำโขง', 'ถ.ประชาสามัคคี อ.เมืองนครพนม จ.นครพนม', 17.41070000, 104.78020000, 1, 4, '2024-08-12 23:36:43', 1, 1, 2.3),
(43, 'โรงแรมฟอร์จูน ริเวอร์วิว', 'โรงแรมริมน้ำโขง ให้บริการห้องพักที่มีวิวสวยของแม่น้ำ', 'ถ.สุนทรวิจิตร อ.เมืองนครพนม จ.นครพนม', 17.39400000, 104.77930000, 1, 2, '2024-08-12 23:36:43', 1, 1, 4),
(44, 'ร้านอาหารริมโขง', 'ร้านอาหารที่ให้บริการอาหารไทยและอาหารท้องถิ่นพร้อมวิวแม่น้ำโขง', 'ถ.ริมโขง อ.เมืองนครพนม จ.นครพนม', 17.39670000, 104.77840000, 1, 3, '2024-08-12 23:36:43', 1, 1, 3.9),
(45, 'พิพิธภัณฑ์จวนผู้ว่าราชการ', 'สถานที่จัดแสดงความเป็นมาของจังหวัดนครพนม', 'ถ.เฟื่องนคร อ.เมืองนครพนม จ.นครพนม', 17.39810000, 104.77540000, 1, 1, '2024-08-12 23:36:43', 1, 1, 2.5),
(46, 'โรงแรมเวียงคำ', 'โรงแรมเก่าแก่ที่มีการตกแต่งแบบดั้งเดิม อยู่ใกล้ตลาดอินโดจีน', 'ถ.เฟื่องนคร อ.เมืองนครพนม จ.นครพนม', 17.39950000, 104.77450000, 1, 2, '2024-08-12 23:36:43', 1, 1, 3.7),
(47, 'ร้านแซ่บปลาบึก', 'ร้านอาหารที่เน้นการทำอาหารจากปลาบึกที่สดใหม่', 'ถ.ประชาราษฎร์ อ.เมืองนครพนม จ.นครพนม', 17.41020000, 104.77960000, 1, 3, '2024-08-12 23:36:43', 1, 1, 1.9),
(48, 'สะพานมิตรภาพไทย-ลาว แห่งที่ 3', 'สะพานเชื่อมต่อไทยและลาวที่ให้วิวทิวทัศน์แม่น้ำโขงที่งดงาม', 'ถ.มิตรภาพ อ.เมืองนครพนม จ.นครพนม', 17.43810000, 104.78270000, 1, 1, '2024-08-12 23:36:43', 1, 1, 1.6),
(49, 'ร้านน้องหอมหวล', 'ขายของฝากท้องถิ่น เช่น ผ้าไหม เครื่องประดับ และขนมไทย', 'ถ.เฟื่องนคร อ.เมืองนครพนม จ.นครพนม', 17.39970000, 104.77430000, 1, 4, '2024-08-12 23:36:43', 1, 1, 1.2),
(50, 'ร้านแม่ฮ่องสอน', 'มีของฝากหลากหลายให้เลือกสรร เช่น ของที่ระลึก และสินค้าพื้นเมือง', 'ถ.เฟื่องนคร อ.เมืองนครพนม จ.นครพนม', 17.39980000, 104.77410000, 1, 4, '2024-08-12 23:36:43', 1, 1, 4.2),
(51, 'อุทยานแห่งชาติภูลังกา', 'อุทยานแห่งชาติที่มีทิวทัศน์สวยงามและมีสัตว์ป่าหลากหลายชนิด', 'ต.บ้านแพง อ.บ้านแพง จ.นครพนม', 17.76670000, 104.07530000, 2, 1, '2024-08-12 23:36:43', 1, 1, 4.5),
(52, 'ร้านครัวปลาเผา', 'ร้านอาหารที่ขึ้นชื่อเรื่องอาหารปลาและอาหารไทยพื้นบ้าน', 'ต.บ้านแพง อ.บ้านแพง จ.นครพนม', 17.76890000, 104.07120000, 2, 3, '2024-08-12 23:36:43', 1, 1, 4.9),
(53, 'โรงแรมบ้านแพงรีสอร์ท', 'รีสอร์ทเล็ก ๆ ที่ตั้งอยู่ท่ามกลางธรรมชาติ เหมาะสำหรับการพักผ่อน', 'ต.บ้านแพง อ.บ้านแพง จ.นครพนม', 17.76720000, 104.07340000, 2, 2, '2024-08-12 23:36:43', 1, 1, 2.1),
(54, 'ตลาดบ้านแพง', 'ตลาดที่มีสินค้าและของฝากจากชุมชนท้องถิ่น', 'ต.บ้านแพง อ.บ้านแพง จ.นครพนม', 17.76980000, 104.07310000, 2, 4, '2024-08-12 23:36:43', 1, 1, 2.8),
(55, 'วัดพระธาตุบ้านแพง', 'วัดสำคัญในอำเภอบ้านแพงที่มีประวัติยาวนาน', 'ต.บ้านแพง อ.บ้านแพง จ.นครพนม', 17.77010000, 104.07380000, 2, 1, '2024-08-12 23:36:43', 1, 1, 2.6),
(56, 'ร้านอาหารครัวลุงใหญ่', 'ร้านอาหารพื้นบ้านที่ให้บริการอาหารไทยและอาหารอีสาน', 'ต.บ้านแพง อ.บ้านแพง จ.นครพนม', 17.76910000, 104.07350000, 2, 3, '2024-08-12 23:36:43', 1, 1, 3.7),
(57, 'โรงแรมบ้านแพงกรีนวิลล์', 'รีสอร์ทที่ตั้งอยู่ในบรรยากาศธรรมชาติ ให้บริการห้องพักที่สะดวกสบาย', 'ต.บ้านแพง อ.บ้านแพง จ.นครพนม', 17.76940000, 104.07410000, 2, 2, '2024-08-12 23:36:43', 1, 1, 1.5),
(58, 'ร้านของฝากแม่จำเนียร', 'ร้านที่ขายของฝากและสินค้าพื้นเมืองต่าง ๆ', 'ต.บ้านแพง อ.บ้านแพง จ.นครพนม', 17.76960000, 104.07430000, 2, 4, '2024-08-12 23:36:43', 1, 1, 3.7),
(59, 'สะพานมิตรภาพไทย-ลาว แห่งที่ 4', 'สะพานที่เชื่อมต่อไทยและลาว อีกหนึ่งจุดชมวิวที่งดงาม', 'ต.บ้านแพง อ.บ้านแพง จ.นครพนม', 17.76870000, 104.07500000, 2, 1, '2024-08-12 23:36:43', 1, 1, 4.8),
(60, 'ตลาดบ้านแพงกลางคืน', 'ตลาดกลางคืนที่มีอาหารและสินค้าต่าง ๆ ให้เลือกซื้อ', 'ต.บ้านแพง อ.บ้านแพง จ.นครพนม', 17.76880000, 104.07510000, 2, 4, '2024-08-12 23:36:43', 1, 1, 4.1),
(61, 'วัดพระธาตุท่าอุเทน', 'วัดสำคัญในอำเภอท่าอุเทน มีประวัติยาวนานและเป็นสถานที่ท่องเที่ยวทางศาสนา', 'ต.ท่าอุเทน อ.ท่าอุเทน จ.นครพนม', 17.50730000, 104.75720000, 3, 1, '2024-08-12 23:36:43', 1, 1, 4.9),
(62, 'ร้านกาแฟริมโขง', 'ร้านกาแฟที่มีวิวสวยงามของแม่น้ำโขง เหมาะสำหรับพักผ่อน', 'ต.ท่าอุเทน อ.ท่าอุเทน จ.นครพนม', 17.50600000, 104.75670000, 3, 3, '2024-08-12 23:36:43', 1, 1, 3.4),
(63, 'ท่าอุเทนรีสอร์ท', 'รีสอร์ทที่ตั้งอยู่ริมน้ำโขง มีบริการห้องพักพร้อมวิวสวย', 'ต.ท่าอุเทน อ.ท่าอุเทน จ.นครพนม', 17.50900000, 104.75800000, 3, 2, '2024-08-12 23:36:43', 1, 1, 1.1),
(64, 'ตลาดท่าอุเทน', 'ตลาดที่มีสินค้าท้องถิ่นและของฝากที่หลากหลาย', 'ต.ท่าอุเทน อ.ท่าอุเทน จ.นครพนม', 17.50800000, 104.75700000, 3, 4, '2024-08-12 23:36:43', 1, 1, 2.4),
(65, 'วัดพระธาตุศรีสงคราม', 'วัดสำคัญในอำเภอศรีสงคราม มีสถาปัตยกรรมที่งดงามและเป็นศูนย์รวมจิตใจของชาวบ้าน', 'ต.ศรีสงคราม อ.ศรีสงคราม จ.นครพนม', 17.64570000, 104.39570000, 4, 1, '2024-08-12 23:37:00', 1, 1, 3.7),
(66, 'ร้านขนมจีนแม่บุญมา', 'ร้านขนมจีนเจ้าดังในศรีสงคราม มีรสชาติอร่อยและราคาย่อมเยา', 'ต.ศรีสงคราม อ.ศรีสงคราม จ.นครพนม', 17.64210000, 104.39240000, 4, 3, '2024-08-12 23:37:00', 1, 1, 2.3),
(67, 'ศรีสงครามรีสอร์ท', 'รีสอร์ทที่ตั้งอยู่ใกล้ธรรมชาติและมีบริการห้องพักสะดวกสบาย', 'ต.ศรีสงคราม อ.ศรีสงคราม จ.นครพนม', 17.64050000, 104.39430000, 4, 2, '2024-08-12 23:37:00', 1, 1, 3.3),
(68, 'ตลาดศรีสงคราม', 'ตลาดท้องถิ่นที่มีสินค้าหลากหลายให้เลือกซื้อ', 'ต.ศรีสงคราม อ.ศรีสงคราม จ.นครพนม', 17.64270000, 104.39280000, 4, 4, '2024-08-12 23:37:00', 1, 1, 4.7),
(69, 'วัดศรีสงครามกลาง', 'วัดที่มีอายุเก่าแก่และเป็นที่เคารพบูชาของชาวบ้าน', 'ต.ศรีสงคราม อ.ศรีสงคราม จ.นครพนม', 17.64380000, 104.39400000, 4, 1, '2024-08-12 23:37:00', 1, 1, 4.6),
(70, 'ร้านอาหารครัวชายน้ำ', 'ร้านอาหารที่ตั้งอยู่ริมแม่น้ำ มีเมนูอาหารไทยและอีสานที่หลากหลาย', 'ต.ศรีสงคราม อ.ศรีสงคราม จ.นครพนม', 17.64430000, 104.39320000, 4, 3, '2024-08-12 23:37:00', 1, 1, 3.7),
(71, 'โรงแรมศรีสงครามเพลส', 'โรงแรมที่ตั้งอยู่ใจกลางศรีสงคราม ให้บริการห้องพักที่สะดวกสบาย', 'ต.ศรีสงคราม อ.ศรีสงคราม จ.นครพนม', 17.64520000, 104.39450000, 4, 2, '2024-08-12 23:37:00', 1, 1, 4),
(72, 'ร้านของฝากศรีสงคราม', 'ร้านของฝากท้องถิ่นที่มีสินค้าที่ระลึกและของฝากต่าง ๆ', 'ต.ศรีสงคราม อ.ศรีสงคราม จ.นครพนม', 17.64610000, 104.39500000, 4, 4, '2024-08-12 23:37:00', 1, 1, 3.8),
(73, 'วัดพระธาตุโพนสวรรค์', 'วัดที่มีความสำคัญทางประวัติศาสตร์ในอำเภอศรีสงคราม', 'ต.ศรีสงคราม อ.ศรีสงคราม จ.นครพนม', 17.64710000, 104.39610000, 4, 1, '2024-08-12 23:37:00', 1, 1, 1.8),
(74, 'ร้านอาหารศรีสงครามแกรนด์', 'ร้านอาหารที่มีบรรยากาศเงียบสงบ เหมาะสำหรับการรับประทานอาหารกับครอบครัว', 'ต.ศรีสงคราม อ.ศรีสงคราม จ.นครพนม', 17.64800000, 104.39700000, 4, 3, '2024-08-12 23:37:00', 1, 1, 4.9),
(75, 'วัดพระธาตุนาหว้า', 'วัดสำคัญในอำเภอนาหว้า มีสถาปัตยกรรมที่งดงาม', 'ต.นาหว้า อ.นาหว้า จ.นครพนม', 17.75570000, 104.28370000, 5, 1, '2024-08-12 23:37:07', 1, 1, 1.8),
(76, 'ร้านอาหารนาหว้า', 'ร้านอาหารท้องถิ่นที่มีเมนูอาหารอีสานที่หลากหลาย', 'ต.นาหว้า อ.นาหว้า จ.นครพนม', 17.75710000, 104.28410000, 5, 3, '2024-08-12 23:37:07', 1, 1, 1.5),
(77, 'นาหว้ารีสอร์ท', 'รีสอร์ทที่ตั้งอยู่ในธรรมชาติ บริการห้องพักสะดวกสบาย', 'ต.นาหว้า อ.นาหว้า จ.นครพนม', 17.75850000, 104.28530000, 5, 2, '2024-08-12 23:37:07', 1, 1, 1.1),
(78, 'ตลาดนาหว้า', 'ตลาดท้องถิ่นที่มีสินค้าหลากหลายให้เลือกซื้อ', 'ต.นาหว้า อ.นาหว้า จ.นครพนม', 17.75980000, 104.28670000, 5, 4, '2024-08-12 23:37:07', 1, 1, 4),
(79, 'วัดโพธิ์นาหว้า', 'วัดเก่าแก่ที่มีประวัติศาสตร์ยาวนานและเป็นสถานที่สำคัญของชุมชน', 'ต.นาหว้า อ.นาหว้า จ.นครพนม', 17.76120000, 104.28750000, 5, 1, '2024-08-12 23:37:07', 1, 1, 3.7),
(80, 'ร้านข้าวจี่แม่สันติ', 'ร้านข้าวจี่เจ้าดังในอำเภอนาหว้า', 'ต.นาหว้า อ.นาหว้า จ.นครพนม', 17.76230000, 104.28830000, 5, 3, '2024-08-12 23:37:07', 1, 1, 1.5),
(81, 'โรงแรมนาหว้าเพลส', 'โรงแรมที่ตั้งอยู่ใจกลางนาหว้า ให้บริการห้องพักสะดวกสบาย', 'ต.นาหว้า อ.นาหว้า จ.นครพนม', 17.76340000, 104.28910000, 5, 2, '2024-08-12 23:37:07', 1, 1, 3.2),
(82, 'ร้านของฝากนาหว้า', 'ร้านของฝากท้องถิ่นที่มีสินค้าพื้นเมืองต่าง ๆ', 'ต.นาหว้า อ.นาหว้า จ.นครพนม', 17.76450000, 104.29000000, 5, 4, '2024-08-12 23:37:07', 1, 1, 2.7),
(83, 'วัดพระธาตุนาหว้ากลาง', 'วัดที่มีความสำคัญในอำเภอนาหว้า', 'ต.นาหว้า อ.นาหว้า จ.นครพนม', 17.76570000, 104.29090000, 5, 1, '2024-08-12 23:37:07', 1, 1, 2.9),
(84, 'ร้านอาหารครัวนาหว้า', 'ร้านอาหารที่มีเมนูอาหารไทยและอีสานที่หลากหลาย', 'ต.นาหว้า อ.นาหว้า จ.นครพนม', 17.76680000, 104.29170000, 5, 3, '2024-08-12 23:37:07', 1, 1, 1.3),
(85, 'วัดพระธาตุโพนสวรรค์', 'วัดสำคัญในอำเภอโพนสวรรค์ มีประวัติศาสตร์ยาวนาน', 'ต.โพนสวรรค์ อ.โพนสวรรค์ จ.นครพนม', 17.84470000, 104.56670000, 6, 1, '2024-08-12 23:37:12', 1, 1, 4.9),
(86, 'ร้านอาหารโพนสวรรค์', 'ร้านอาหารท้องถิ่นที่ให้บริการอาหารไทยและอีสาน', 'ต.โพนสวรรค์ อ.โพนสวรรค์ จ.นครพนม', 17.84600000, 104.56830000, 6, 3, '2024-08-12 23:37:12', 1, 1, 3.4),
(87, 'โพนสวรรค์รีสอร์ท', 'รีสอร์ทที่ตั้งอยู่ในบรรยากาศธรรมชาติ เหมาะสำหรับการพักผ่อน', 'ต.โพนสวรรค์ อ.โพนสวรรค์ จ.นครพนม', 17.84730000, 104.56980000, 6, 2, '2024-08-12 23:37:12', 1, 1, 1.3),
(88, 'ตลาดโพนสวรรค์', 'ตลาดที่มีสินค้าหลากหลายให้เลือกซื้อ', 'ต.โพนสวรรค์ อ.โพนสวรรค์ จ.นครพนม', 17.84860000, 104.57120000, 6, 4, '2024-08-12 23:37:12', 1, 1, 3.4),
(89, 'วัดป่าบ้านโพนสวรรค์', 'วัดป่าที่มีบรรยากาศเงียบสงบ เหมาะสำหรับการทำสมาธิ', 'ต.โพนสวรรค์ อ.โพนสวรรค์ จ.นครพนม', 17.84990000, 104.57250000, 6, 1, '2024-08-12 23:37:12', 1, 1, 3.9),
(90, 'ร้านอาหารริมโพน', 'ร้านอาหารที่มีวิวสวยงามริมแม่น้ำ', 'ต.โพนสวรรค์ อ.โพนสวรรค์ จ.นครพนม', 17.85120000, 104.57390000, 6, 3, '2024-08-12 23:37:12', 1, 1, 4.6),
(91, 'โรงแรมโพนสวรรค์อินน์', 'โรงแรมที่ตั้งอยู่ใจกลางอำเภอโพนสวรรค์', 'ต.โพนสวรรค์ อ.โพนสวรรค์ จ.นครพนม', 17.85250000, 104.57520000, 6, 2, '2024-08-12 23:37:12', 1, 1, 2.2),
(92, 'ร้านของฝากโพนสวรรค์', 'ร้านของฝากที่มีสินค้าพื้นเมืองและของที่ระลึกต่าง ๆ', 'ต.โพนสวรรค์ อ.โพนสวรรค์ จ.นครพนม', 17.85380000, 104.57660000, 6, 4, '2024-08-12 23:37:12', 1, 1, 4.1),
(93, 'วัดโพนสวรรค์กลาง', 'วัดที่มีสถาปัตยกรรมสวยงามและเป็นศูนย์รวมจิตใจของชุมชน', 'ต.โพนสวรรค์ อ.โพนสวรรค์ จ.นครพนม', 17.85510000, 104.57800000, 6, 1, '2024-08-12 23:37:12', 1, 1, 4.8),
(94, 'ร้านอาหารน้องเมย์โพนสวรรค์', 'ร้านอาหารที่มีเมนูอาหารอีสานและอาหารไทยที่หลากหลาย', 'ต.โพนสวรรค์ อ.โพนสวรรค์ จ.นครพนม', 17.85640000, 104.57930000, 6, 3, '2024-08-12 23:37:12', 1, 1, 2.8),
(95, 'วัดพระธาตุนาทม', 'วัดสำคัญในอำเภอนาทม มีสถาปัตยกรรมที่สวยงาม', 'ต.นาทม อ.นาทม จ.นครพนม', 17.93870000, 104.40340000, 7, 1, '2024-08-12 23:38:16', 1, 1, 2.8),
(96, 'ร้านอาหารนาทม', 'ร้านอาหารท้องถิ่นที่มีเมนูอาหารไทยและอีสานที่หลากหลาย', 'ต.นาทม อ.นาทม จ.นครพนม', 17.94000000, 104.40480000, 7, 3, '2024-08-12 23:38:16', 1, 1, 4.4),
(97, 'นาทมรีสอร์ท', 'รีสอร์ทที่ตั้งอยู่ในธรรมชาติ บริการห้องพักสะดวกสบาย', 'ต.นาทม อ.นาทม จ.นครพนม', 17.94130000, 104.40620000, 7, 2, '2024-08-12 23:38:16', 1, 1, 4.6),
(98, 'ตลาดนาทม', 'ตลาดท้องถิ่นที่มีสินค้าหลากหลายให้เลือกซื้อ', 'ต.นาทม อ.นาทม จ.นครพนม', 17.94260000, 104.40760000, 7, 4, '2024-08-12 23:38:16', 1, 1, 4.9),
(99, 'วัดพระธาตุนาทม', 'วัดสำคัญในอำเภอนาทม มีสถาปัตยกรรมที่สวยงาม', 'ต.นาทม อ.นาทม จ.นครพนม', 17.93870000, 104.40340000, 7, 1, '2024-08-12 23:38:16', 1, 1, 1.5),
(100, 'ร้านอาหารนาทม', 'ร้านอาหารท้องถิ่นที่มีเมนูอาหารไทยและอีสานที่หลากหลาย', 'ต.นาทม อ.นาทม จ.นครพนม', 17.94000000, 104.40480000, 7, 3, '2024-08-12 23:38:16', 1, 1, 4.1),
(101, 'นาทมรีสอร์ท', 'รีสอร์ทที่ตั้งอยู่ในธรรมชาติ บริการห้องพักสะดวกสบาย', 'ต.นาทม อ.นาทม จ.นครพนม', 17.94130000, 104.40620000, 7, 2, '2024-08-12 23:38:16', 1, 1, 2.8),
(102, 'ตลาดนาทม', 'ตลาดท้องถิ่นที่มีสินค้าหลากหลายให้เลือกซื้อ', 'ต.นาทม อ.นาทม จ.นครพนม', 17.94260000, 104.40760000, 7, 4, '2024-08-12 23:38:16', 1, 1, 4.6),
(103, 'วัดป่านาทม', 'วัดป่าที่มีบรรยากาศเงียบสงบ เหมาะสำหรับการทำสมาธิ', 'ต.นาทม อ.นาทม จ.นครพนม', 17.94400000, 104.40900000, 7, 1, '2024-08-12 23:38:16', 1, 1, 1.8),
(104, 'ร้านอาหารครัวนาทม', 'ร้านอาหารที่มีเมนูอาหารพื้นบ้านและอีสาน', 'ต.นาทม อ.นาทม จ.นครพนม', 17.94530000, 104.41040000, 7, 3, '2024-08-12 23:38:16', 1, 1, 2.1),
(105, 'โรงแรมนาทมวิลล์', 'โรงแรมที่ตั้งอยู่ใจกลางนาทม มีบริการห้องพักที่สะดวกสบาย', 'ต.นาทม อ.นาทม จ.นครพนม', 17.94660000, 104.41180000, 7, 2, '2024-08-12 23:38:16', 1, 1, 4.2),
(106, 'ร้านของฝากนาทม', 'ร้านของฝากที่มีสินค้าท้องถิ่นและของที่ระลึกต่าง ๆ', 'ต.นาทม อ.นาทม จ.นครพนม', 17.94790000, 104.41320000, 7, 4, '2024-08-12 23:38:16', 1, 1, 1.8),
(107, 'วัดนาทมกลาง', 'วัดที่มีสถาปัตยกรรมที่งดงามและเป็นศูนย์รวมจิตใจของชาวบ้าน', 'ต.นาทม อ.นาทม จ.นครพนม', 17.94920000, 104.41460000, 7, 1, '2024-08-12 23:38:16', 1, 1, 3.4),
(108, 'ร้านอาหารบ้านนาทม', 'ร้านอาหารที่มีเมนูอาหารอีสานและไทยที่หลากหลาย', 'ต.นาทม อ.นาทม จ.นครพนม', 17.95050000, 104.41600000, 7, 3, '2024-08-12 23:38:16', 1, 1, 2.7),
(109, 'พระธาตุพนม', 'วัดพระธาตุพนม เป็นศูนย์กลางทางศาสนาที่สำคัญของภาคตะวันออกเฉียงเหนือ', 'ต.ธาตุพนม อ.ธาตุพนม จ.นครพนม', 17.41110000, 104.78330000, 8, 1, '2024-08-12 23:38:39', 1, 1, 2),
(110, 'ร้านอาหารครัวพระธาตุ', 'ร้านอาหารท้องถิ่นที่ให้บริการอาหารไทยและอีสาน', 'ต.ธาตุพนม อ.ธาตุพนม จ.นครพนม', 17.41230000, 104.78440000, 8, 3, '2024-08-12 23:38:39', 1, 1, 4.9),
(111, 'ธาตุพนมรีสอร์ท', 'รีสอร์ทที่ตั้งอยู่ใกล้กับพระธาตุพนม', 'ต.ธาตุพนม อ.ธาตุพนม จ.นครพนม', 17.41350000, 104.78550000, 8, 2, '2024-08-12 23:38:39', 1, 1, 1.7),
(112, 'ตลาดธาตุพนม', 'ตลาดที่มีสินค้าท้องถิ่นและของฝากหลากหลาย', 'ต.ธาตุพนม อ.ธาตุพนม จ.นครพนม', 17.41470000, 104.78660000, 8, 4, '2024-08-12 23:38:39', 1, 1, 4.5),
(113, 'วัดธาตุพนมกลาง', 'วัดที่มีสถาปัตยกรรมสวยงามและเป็นที่เคารพนับถือของชาวบ้าน', 'ต.ธาตุพนม อ.ธาตุพนม จ.นครพนม', 17.41590000, 104.78770000, 8, 1, '2024-08-12 23:38:39', 1, 1, 4.7),
(114, 'ร้านอาหารริมโขง', 'ร้านอาหารที่มีวิวสวยงามริมแม่น้ำโขง', 'ต.ธาตุพนม อ.ธาตุพนม จ.นครพนม', 17.41710000, 104.78880000, 8, 3, '2024-08-12 23:38:39', 1, 1, 4.8),
(115, 'โรงแรมธาตุพนมแกรนด์', 'โรงแรมที่ตั้งอยู่ใกล้กับพระธาตุพนม มีบริการห้องพักที่สะดวกสบาย', 'ต.ธาตุพนม อ.ธาตุพนม จ.นครพนม', 17.41830000, 104.78990000, 8, 2, '2024-08-12 23:38:39', 1, 1, 4.9),
(116, 'ร้านของฝากธาตุพนม', 'ร้านของฝากที่มีสินค้าพื้นเมืองและของที่ระลึกต่าง ๆ', 'ต.ธาตุพนม อ.ธาตุพนม จ.นครพนม', 17.41950000, 104.79100000, 8, 4, '2024-08-12 23:38:39', 1, 1, 1.1),
(117, 'วัดพระธาตุโพนทอง', 'วัดที่มีความสำคัญทางประวัติศาสตร์ในอำเภอธาตุพนม', 'ต.ธาตุพนม อ.ธาตุพนม จ.นครพนม', 17.42070000, 104.79210000, 8, 1, '2024-08-12 23:38:39', 1, 1, 1.6),
(118, 'ร้านอาหารธาตุพนม', 'ร้านอาหารที่มีเมนูอาหารไทยและอีสานที่หลากหลาย', 'ต.ธาตุพนม อ.ธาตุพนม จ.นครพนม', 17.42190000, 104.79320000, 8, 3, '2024-08-12 23:38:39', 1, 1, 3.9),
(119, 'พระธาตุเรณู', 'วัดพระธาตุเรณู เป็นสถานที่ศักดิ์สิทธิ์ของชาวเรณูนคร', 'ต.เรณู อ.เรณูนคร จ.นครพนม', 17.54610000, 104.73220000, 9, 1, '2024-08-12 23:38:50', 1, 1, 1.9),
(120, 'ร้านอาหารเรณูนคร', 'ร้านอาหารท้องถิ่นที่ให้บริการอาหารอีสานและไทย', 'ต.เรณู อ.เรณูนคร จ.นครพนม', 17.54740000, 104.73330000, 9, 3, '2024-08-12 23:38:50', 1, 1, 4.5),
(121, 'เรณูนครรีสอร์ท', 'รีสอร์ทที่ตั้งอยู่ใกล้กับพระธาตุเรณู', 'ต.เรณู อ.เรณูนคร จ.นครพนม', 17.54870000, 104.73440000, 9, 2, '2024-08-12 23:38:50', 1, 1, 3.9),
(122, 'ตลาดเรณูนคร', 'ตลาดที่มีสินค้าท้องถิ่นและของฝากหลากหลาย', 'ต.เรณู อ.เรณูนคร จ.นครพนม', 17.55000000, 104.73550000, 9, 4, '2024-08-12 23:38:50', 1, 1, 5),
(123, 'วัดเรณูนครกลาง', 'วัดที่มีสถาปัตยกรรมสวยงามและเป็นที่เคารพนับถือของชาวบ้าน', 'ต.เรณู อ.เรณูนคร จ.นครพนม', 17.55130000, 104.73660000, 9, 1, '2024-08-12 23:38:50', 1, 1, 4.2),
(124, 'วัดพระธาตุนาแก', 'วัดสำคัญในอำเภอนาแก มีสถาปัตยกรรมที่สวยงาม', 'ต.นาแก อ.นาแก จ.นครพนม', 17.25760000, 104.56650000, 10, 1, '2024-08-12 23:38:57', 1, 1, 4.9),
(125, 'ร้านอาหารนาแก', 'ร้านอาหารท้องถิ่นที่มีเมนูอาหารไทยและอีสาน', 'ต.นาแก อ.นาแก จ.นครพนม', 17.25890000, 104.56800000, 10, 3, '2024-08-12 23:38:57', 1, 1, 2.8),
(126, 'นาแกรีสอร์ท', 'รีสอร์ทที่ตั้งอยู่ในธรรมชาติ บริการห้องพักสะดวกสบาย', 'ต.นาแก อ.นาแก จ.นครพนม', 17.26020000, 104.56950000, 10, 2, '2024-08-12 23:38:57', 1, 1, 2.6),
(127, 'ตลาดนาแก', 'ตลาดท้องถิ่นที่มีสินค้าหลากหลายให้เลือกซื้อ', 'ต.นาแก อ.นาแก จ.นครพนม', 17.26150000, 104.57100000, 10, 4, '2024-08-12 23:38:57', 1, 1, 3.6),
(128, 'วัดป่านาแก', 'วัดป่าที่มีบรรยากาศเงียบสงบ เหมาะสำหรับการทำสมาธิ', 'ต.นาแก อ.นาแก จ.นครพนม', 17.26280000, 104.57250000, 10, 1, '2024-08-12 23:38:57', 1, 1, 1.1),
(129, 'ร้านอาหารครัวนาแก', 'ร้านอาหารที่มีเมนูอาหารพื้นบ้านและอีสาน', 'ต.นาแก อ.นาแก จ.นครพนม', 17.26410000, 104.57400000, 10, 3, '2024-08-12 23:38:57', 1, 1, 1.5),
(130, 'โรงแรมนาแกวิลล์', 'โรงแรมที่ตั้งอยู่ใจกลางนาแก มีบริการห้องพักที่สะดวกสบาย', 'ต.นาแก อ.นาแก จ.นครพนม', 17.26540000, 104.57550000, 10, 2, '2024-08-12 23:38:57', 1, 1, 3.5),
(131, 'ร้านของฝากนาแก', 'ร้านของฝากที่มีสินค้าท้องถิ่นและของที่ระลึกต่าง ๆ', 'ต.นาแก อ.นาแก จ.นครพนม', 17.26670000, 104.57700000, 10, 4, '2024-08-12 23:38:57', 1, 1, 3.7),
(132, 'วัดนาแกกลาง', 'วัดที่มีสถาปัตยกรรมที่งดงามและเป็นศูนย์รวมจิตใจของชาวบ้าน', 'ต.นาแก อ.นาแก จ.นครพนม', 17.26800000, 104.57850000, 10, 1, '2024-08-12 23:38:57', 1, 1, 3.3),
(133, 'ร้านอาหารบ้านนาแก', 'ร้านอาหารที่มีเมนูอาหารอีสานและไทยที่หลากหลาย', 'ต.นาแก อ.นาแก จ.นครพนม', 17.26930000, 104.58000000, 10, 3, '2024-08-12 23:38:57', 1, 1, 4.1),
(134, 'วัดพระธาตุปปลาปาก', 'วัดสำคัญในอำเภอปลาปาก มีสถาปัตยกรรมที่สวยงาม', 'ต.ปลาปาก อ.ปลาปาก จ.นครพนม', 17.00840000, 104.45560000, 11, 1, '2024-08-12 23:39:02', 1, 1, 1.8),
(135, 'ร้านอาหารปลาปาก', 'ร้านอาหารท้องถิ่นที่มีเมนูอาหารไทยและอีสาน', 'ต.ปลาปาก อ.ปลาปาก จ.นครพนม', 17.00970000, 104.45700000, 11, 3, '2024-08-12 23:39:02', 1, 1, 3.8),
(136, 'ปลาปากรีสอร์ท', 'รีสอร์ทที่ตั้งอยู่ในธรรมชาติ บริการห้องพักสะดวกสบาย', 'ต.ปลาปาก อ.ปลาปาก จ.นครพนม', 17.01100000, 104.45850000, 11, 2, '2024-08-12 23:39:02', 1, 1, 4.5),
(137, 'ตลาดปลาปาก', 'ตลาดท้องถิ่นที่มีสินค้าหลากหลายให้เลือกซื้อ', 'ต.ปลาปาก อ.ปลาปาก จ.นครพนม', 17.01230000, 104.46000000, 11, 4, '2024-08-12 23:39:02', 1, 1, 2.2),
(138, 'วัดป่าปลาปาก', 'วัดป่าที่มีบรรยากาศเงียบสงบ เหมาะสำหรับการทำสมาธิ', 'ต.ปลาปาก อ.ปลาปาก จ.นครพนม', 17.01360000, 104.46150000, 11, 1, '2024-08-12 23:39:02', 1, 1, 4.6),
(139, 'ร้านอาหารครัวปลาปาก', 'ร้านอาหารที่มีเมนูอาหารพื้นบ้านและอีสาน', 'ต.ปลาปาก อ.ปลาปาก จ.นครพนม', 17.01490000, 104.46300000, 11, 3, '2024-08-12 23:39:02', 1, 1, 3.2),
(140, 'โรงแรมปลาปากวิลล์', 'โรงแรมที่ตั้งอยู่ใจกลางปลาปาก มีบริการห้องพักที่สะดวกสบาย', 'ต.ปลาปาก อ.ปลาปาก จ.นครพนม', 17.01620000, 104.46450000, 11, 2, '2024-08-12 23:39:02', 1, 1, 1.3),
(141, 'ร้านของฝากปลาปาก', 'ร้านของฝากที่มีสินค้าท้องถิ่นและของที่ระลึกต่าง ๆ', 'ต.ปลาปาก อ.ปลาปาก จ.นครพนม', 17.01750000, 104.46600000, 11, 4, '2024-08-12 23:39:02', 1, 1, 3.8),
(142, 'วัดปลาปากกลาง', 'วัดที่มีสถาปัตยกรรมที่งดงามและเป็นศูนย์รวมจิตใจของชาวบ้าน', 'ต.ปลาปาก อ.ปลาปาก จ.นครพนม', 17.01880000, 104.46750000, 11, 1, '2024-08-12 23:39:02', 1, 1, 2.1),
(143, 'ร้านอาหารบ้านปลาปาก', 'ร้านอาหารที่มีเมนูอาหารอีสานและไทยที่หลากหลาย', 'ต.ปลาปาก อ.ปลาปาก จ.นครพนม', 17.02010000, 104.46900000, 11, 3, '2024-08-12 23:39:02', 1, 1, 2.2),
(144, 'วัดพระธาตุวังยาง', 'วัดสำคัญในอำเภอวังยาง มีสถาปัตยกรรมที่สวยงาม', 'ต.วังยาง อ.วังยาง จ.นครพนม', 17.08470000, 104.68640000, 12, 1, '2024-08-12 23:39:28', 1, 1, 3.8),
(145, 'ร้านอาหารวังยาง', 'ร้านอาหารท้องถิ่นที่มีเมนูอาหารไทยและอีสาน', 'ต.วังยาง อ.วังยาง จ.นครพนม', 17.08600000, 104.68780000, 12, 3, '2024-08-12 23:39:28', 1, 1, 3.5),
(146, 'วังยางรีสอร์ท', 'รีสอร์ทที่ตั้งอยู่ในธรรมชาติ บริการห้องพักสะดวกสบาย', 'ต.วังยาง อ.วังยาง จ.นครพนม', 17.08730000, 104.68920000, 12, 2, '2024-08-12 23:39:28', 1, 1, 4.8),
(147, 'ตลาดวังยาง', 'ตลาดท้องถิ่นที่มีสินค้าหลากหลายให้เลือกซื้อ', 'ต.วังยาง อ.วังยาง จ.นครพนม', 17.08860000, 104.69060000, 12, 4, '2024-08-12 23:39:28', 1, 1, 4.5),
(148, 'วัดป่าวังยาง', 'วัดป่าที่มีบรรยากาศเงียบสงบ เหมาะสำหรับการทำสมาธิ', 'ต.วังยาง อ.วังยาง จ.นครพนม', 17.08990000, 104.69200000, 12, 1, '2024-08-12 23:39:28', 1, 1, 3.3),
(149, 'ร้านอาหารครัววังยาง', 'ร้านอาหารที่มีเมนูอาหารพื้นบ้านและอีสาน', 'ต.วังยาง อ.วังยาง จ.นครพนม', 17.09120000, 104.69340000, 12, 3, '2024-08-12 23:39:28', 1, 1, 2.1),
(150, 'วัดพระธาตุวังยาง', 'วัดสำคัญในอำเภอวังยาง มีสถาปัตยกรรมที่สวยงาม', 'ต.วังยาง อ.วังยาง จ.นครพนม', 17.08470000, 104.68640000, 12, 1, '2024-08-12 23:39:28', 1, 1, 3.4),
(151, 'ร้านอาหารวังยาง', 'ร้านอาหารท้องถิ่นที่มีเมนูอาหารไทยและอีสาน', 'ต.วังยาง อ.วังยาง จ.นครพนม', 17.08600000, 104.68780000, 12, 3, '2024-08-12 23:39:28', 1, 1, 1.9),
(152, 'วังยางรีสอร์ท', 'รีสอร์ทที่ตั้งอยู่ในธรรมชาติ บริการห้องพักสะดวกสบาย', 'ต.วังยาง อ.วังยาง จ.นครพนม', 17.08730000, 104.68920000, 12, 2, '2024-08-12 23:39:28', 1, 1, 2.1),
(153, 'ตลาดวังยาง', 'ตลาดท้องถิ่นที่มีสินค้าหลากหลายให้เลือกซื้อ', 'ต.วังยาง อ.วังยาง จ.นครพนม', 17.08860000, 104.69060000, 12, 4, '2024-08-12 23:39:28', 1, 1, 3.8),
(154, 'วัดป่าวังยาง', 'วัดป่าที่มีบรรยากาศเงียบสงบ เหมาะสำหรับการทำสมาธิ', 'ต.วังยาง อ.วังยาง จ.นครพนม', 17.08990000, 104.69200000, 12, 1, '2024-08-12 23:39:28', 1, 1, 3.6),
(155, 'ร้านอาหารครัววังยาง', 'ร้านอาหารที่มีเมนูอาหารพื้นบ้านและอีสาน', 'ต.วังยาง อ.วังยาง จ.นครพนม', 17.09120000, 104.69340000, 12, 3, '2024-08-12 23:39:28', 1, 1, 1.8),
(156, 'โรงแรมวังยางวิลล์', 'โรงแรมที่ตั้งอยู่ใจกลางวังยาง มีบริการห้องพักสะดวกสบาย', 'ต.วังยาง อ.วังยาง จ.นครพนม', 17.09250000, 104.69480000, 12, 2, '2024-08-12 23:39:28', 1, 1, 5),
(157, 'ร้านของฝากวังยาง', 'ร้านของฝากที่มีสินค้าพื้นเมืองและของที่ระลึกต่าง ๆ', 'ต.วังยาง อ.วังยาง จ.นครพนม', 17.09380000, 104.69620000, 12, 4, '2024-08-12 23:39:28', 1, 1, 2.6),
(158, 'วัดวังยางกลาง', 'วัดที่มีสถาปัตยกรรมที่งดงามและเป็นศูนย์รวมจิตใจของชาวบ้าน', 'ต.วังยาง อ.วังยาง จ.นครพนม', 17.09510000, 104.69760000, 12, 1, '2024-08-12 23:39:28', 1, 1, 1.2),
(159, 'ร้านอาหารบ้านวังยาง', 'ร้านอาหารที่มีเมนูอาหารอีสานและไทยที่หลากหลาย', 'ต.วังยาง อ.วังยาง จ.นครพนม', 17.09640000, 104.69900000, 12, 3, '2024-08-12 23:39:28', 1, 1, 1.2);

--
-- Indexes for dumped tables
--

--
-- Indexes for table `admin`
--
ALTER TABLE `admin`
  ADD PRIMARY KEY (`id`);

--
-- Indexes for table `admin_tokens`
--
ALTER TABLE `admin_tokens`
  ADD PRIMARY KEY (`id`),
  ADD KEY `admin_id` (`admin_id`);

--
-- Indexes for table `categories`
--
ALTER TABLE `categories`
  ADD PRIMARY KEY (`id`);

--
-- Indexes for table `district`
--
ALTER TABLE `district`
  ADD PRIMARY KEY (`id`);

--
-- Indexes for table `operating_hours`
--
ALTER TABLE `operating_hours`
  ADD PRIMARY KEY (`id`),
  ADD KEY `place_id` (`place_id`);

--
-- Indexes for table `seasons`
--
ALTER TABLE `seasons`
  ADD PRIMARY KEY (`id`);

--
-- Indexes for table `seasons_relation`
--
ALTER TABLE `seasons_relation`
  ADD PRIMARY KEY (`id`),
  ADD KEY `season_id` (`season_id`),
  ADD KEY `tourism_entities_id` (`tourism_entities_id`);

--
-- Indexes for table `tourism_entities_images`
--
ALTER TABLE `tourism_entities_images`
  ADD PRIMARY KEY (`id`),
  ADD KEY `tourism_entities_id` (`tourism_entities_id`);

--
-- Indexes for table `tourist_entities`
--
ALTER TABLE `tourist_entities`
  ADD PRIMARY KEY (`id`),
  ADD KEY `district_id` (`district_id`),
  ADD KEY `category_id` (`category_id`),
  ADD KEY `created_by` (`created_by`);

--
-- AUTO_INCREMENT for dumped tables
--

--
-- AUTO_INCREMENT for table `admin`
--
ALTER TABLE `admin`
  MODIFY `id` int(7) NOT NULL AUTO_INCREMENT, AUTO_INCREMENT=2;

--
-- AUTO_INCREMENT for table `admin_tokens`
--
ALTER TABLE `admin_tokens`
  MODIFY `id` int(11) NOT NULL AUTO_INCREMENT;

--
-- AUTO_INCREMENT for table `categories`
--
ALTER TABLE `categories`
  MODIFY `id` int(11) NOT NULL AUTO_INCREMENT, AUTO_INCREMENT=5;

--
-- AUTO_INCREMENT for table `district`
--
ALTER TABLE `district`
  MODIFY `id` int(5) NOT NULL AUTO_INCREMENT, AUTO_INCREMENT=19;

--
-- AUTO_INCREMENT for table `operating_hours`
--
ALTER TABLE `operating_hours`
  MODIFY `id` int(7) NOT NULL AUTO_INCREMENT, AUTO_INCREMENT=639;

--
-- AUTO_INCREMENT for table `seasons`
--
ALTER TABLE `seasons`
  MODIFY `id` int(7) NOT NULL AUTO_INCREMENT, AUTO_INCREMENT=8;

--
-- AUTO_INCREMENT for table `seasons_relation`
--
ALTER TABLE `seasons_relation`
  MODIFY `id` int(7) NOT NULL AUTO_INCREMENT, AUTO_INCREMENT=263;

--
-- AUTO_INCREMENT for table `tourism_entities_images`
--
ALTER TABLE `tourism_entities_images`
  MODIFY `id` int(7) NOT NULL AUTO_INCREMENT, AUTO_INCREMENT=768;

--
-- AUTO_INCREMENT for table `tourist_entities`
--
ALTER TABLE `tourist_entities`
  MODIFY `id` int(7) NOT NULL AUTO_INCREMENT, AUTO_INCREMENT=160;

--
-- Constraints for dumped tables
--

--
-- Constraints for table `admin_tokens`
--
ALTER TABLE `admin_tokens`
  ADD CONSTRAINT `admin_tokens_ibfk_1` FOREIGN KEY (`admin_id`) REFERENCES `admin` (`id`) ON DELETE CASCADE;

--
-- Constraints for table `operating_hours`
--
ALTER TABLE `operating_hours`
  ADD CONSTRAINT `operating_hours_ibfk_1` FOREIGN KEY (`place_id`) REFERENCES `tourist_entities` (`id`) ON DELETE CASCADE;

--
-- Constraints for table `seasons_relation`
--
ALTER TABLE `seasons_relation`
  ADD CONSTRAINT `seasons_relation_ibfk_1` FOREIGN KEY (`season_id`) REFERENCES `seasons` (`id`),
  ADD CONSTRAINT `seasons_relation_ibfk_2` FOREIGN KEY (`tourism_entities_id`) REFERENCES `tourist_entities` (`id`) ON DELETE CASCADE;

--
-- Constraints for table `tourism_entities_images`
--
ALTER TABLE `tourism_entities_images`
  ADD CONSTRAINT `tourism_entities_images_ibfk_1` FOREIGN KEY (`tourism_entities_id`) REFERENCES `tourist_entities` (`id`) ON DELETE CASCADE;

--
-- Constraints for table `tourist_entities`
--
ALTER TABLE `tourist_entities`
  ADD CONSTRAINT `tourist_entities_ibfk_1` FOREIGN KEY (`district_id`) REFERENCES `district` (`id`),
  ADD CONSTRAINT `tourist_entities_ibfk_2` FOREIGN KEY (`category_id`) REFERENCES `categories` (`id`),
  ADD CONSTRAINT `tourist_entities_ibfk_3` FOREIGN KEY (`created_by`) REFERENCES `admin` (`id`);
COMMIT;

/*!40101 SET CHARACTER_SET_CLIENT=@OLD_CHARACTER_SET_CLIENT */;
/*!40101 SET CHARACTER_SET_RESULTS=@OLD_CHARACTER_SET_RESULTS */;
/*!40101 SET COLLATION_CONNECTION=@OLD_COLLATION_CONNECTION */;
